timestamp,chan_00,chan_01,chan_02,chan_03,chan_04,chan_05,chan_06,chan_07,chan_08,chan_09,chan_10,chan_11,chan_12,chan_13,chan_14,chan_15,chan_16,chan_17,chan_18,chan_19,chan_20,chan_21,chan_22,chan_23,chan_24,anomaly
60,0.04506,0.24764,0.43474,0.60434,0.60807,0.48466,0.421,0.15324,-0.13103,-0.40526,-0.64517,-0.75399,-0.81131,-0.73286,-0.53992,-0.21938,0.22765,0.65366,0.88911,1.05279,1.09219,0.82639,0.56083,0.16704,-0.29342,0
120,0.09192,0.38298,0.52942,0.51022,0.54741,0.51402,0.28354,0.14163,-0.20404,-0.56591,-0.73113,-0.89874,-0.88974,-0.75144,-0.4562,-0.03551,0.3243,0.66572,0.95869,1.07143,1.05417,0.81017,0.53802,-0.01351,-0.4217,0
180,0.142,0.46393,0.46166,0.53411,0.62223,0.54962,0.30717,0.06127,-0.19805,-0.54214,-0.80855,-0.8566,-0.74387,-0.69112,-0.33017,0.04208,0.39362,0.78216,1.00957,1.18413,1.01657,0.70663,0.32646,-0.1478,-0.52588,0
240,0.17503,0.38846,0.58986,0.58402,0.62486,0.47036,0.18542,-0.02162,-0.16984,-0.61393,-0.76709,-0.80225,-0.745,-0.61039,-0.30396,0.11252,0.50874,0.69045,1.12421,0.92461,0.9049,0.64841,0.23133,-0.24337,-0.75729,0
300,0.24245,0.49399,0.5838,0.61757,0.40886,0.41216,0.17486,-0.15601,-0.43815,-0.64046,-0.69954,-0.86431,-0.72569,-0.40435,-0.1685,0.20799,0.59047,0.80918,1.04217,0.97086,0.90673,0.54308,0.23134,-0.33629,-0.71656,0
360,0.22873,0.54975,0.59084,0.59054,0.48381,0.30031,0.07853,-0.19513,-0.55418,-0.64225,-0.75618,-0.82626,-0.66094,-0.35453,-0.08813,0.3362,0.72497,0.91566,1.00641,0.93418,0.93748,0.40477,-0.04752,-0.49253,-0.88098,0
420,0.29955,0.53669,0.564,0.5867,0.51214,0.2887,0.02014,-0.16324,-0.51423,-0.73006,-0.79423,-0.68351,-0.58037,-0.27933,0.10563,0.38745,0.64983,0.9734,1.04824,0.91915,0.74522,0.35539,-0.17509,-0.55321,-0.9717,0
480,0.29742,0.54223,0.58817,0.47391,0.48543,0.19474,-0.03281,-0.38764,-0.56129,-0.74791,-0.75642,-0.67013,-0.54241,-0.17554,0.09328,0.68098,0.85921,1.0543,0.90949,0.97975,0.5659,0.23904,-0.19533,-0.67318,-0.98575,0
540,0.29926,0.61637,0.54342,0.58333,0.29927,0.1432,0.02256,-0.4449,-0.69781,-0.78624,-0.75529,-0.63595,-0.37816,-0.13767,0.15577,0.56018,0.91658,1.02701,0.89917,0.8245,0.58011,0.19922,-0.33428,-0.76714,-1.15891,0
600,0.39085,0.60263,0.61065,0.4617,0.36135,0.02313,-0.24013,-0.51304,-0.69189,-0.73737,-0.76906,-0.62361,-0.39928,-0.09121,0.37299,0.64376,0.94149,1.0102,0.94123,0.57692,0.45215,-0.00583,-0.47604,-0.86302,-1.10851,0
660,0.5321,0.45993,0.49983,0.44039,0.27469,-0.07413,-0.38403,-0.60972,-0.696,-0.77456,-0.7067,-0.59277,-0.34092,-0.04003,0.43207,0.74384,0.98528,1.0447,0.90418,0.73431,0.28962,-0.17632,-0.60958,-0.98113,-1.29225,0
720,0.48334,0.57195,0.52396,0.37255,0.17845,-0.06519,-0.40552,-0.56891,-0.63395,-0.81207,-0.70127,-0.46693,-0.19197,0.23392,0.4266,0.6945,0.93418,0.96474,0.84276,0.60561,0.2149,-0.18786,-0.73802,-0.95272,-1.29042,0
780,0.48914,0.54369,0.48468,0.22149,0.05323,-0.10307,-0.32991,-0.50975,-0.64142,-0.84904,-0.59889,-0.50954,-0.02383,0.25706,0.52012,0.93753,1.008,0.8681,0.80515,0.44174,0.07528,-0.39645,-0.71056,-1.15073,-1.20342,0
840,0.58797,0.47679,0.51377,0.27164,0.05761,-0.19163,-0.40888,-0.55453,-0.83747,-0.73537,-0.51292,-0.45008,0.06834,0.21722,0.62221,0.97874,1.06787,0.98105,0.83095,0.37331,-0.02158,-0.55666,-0.83252,-1.15257,-1.1541,0
900,0.45078,0.53145,0.38783,0.2923,0.09586,-0.26928,-0.57883,-0.68805,-0.74251,-0.76493,-0.53544,-0.24074,0.05228,0.37856,0.67558,1.0015,0.96534,0.83659,0.61404,0.31657,-0.19428,-0.5627,-0.90447,-1.12261,-1.13133,0
960,0.46974,0.43227,0.31794,0.15378,-0.08321,-0.34298,-0.49511,2.46848,-0.7653,-0.70382,-0.44498,-0.15833,0.21953,0.5694,0.71845,0.94509,0.97448,0.75066,0.53608,0.11201,-0.19349,-0.68399,-1.08137,-1.17615,-1.13961,1
1020,0.49546,0.37983,0.34753,0.05184,-0.15628,-0.43572,-0.60879,-0.68715,-0.75396,-0.7022,-0.31904,-0.16531,0.25796,0.53676,0.8444,0.87468,0.86604,0.76925,0.46934,0.03504,-0.34542,-0.73321,-1.12413,-1.20229,-1.16527,0
1080,0.55203,0.44239,0.15011,-0.0642,-0.16033,-0.46766,-0.60901,-0.67448,-0.73103,-0.55035,-0.40592,-0.01334,0.42173,0.60274,0.86164,0.87606,0.91955,0.6853,0.39167,-0.04831,-0.50128,-0.82782,-1.06458,-1.16535,-1.04838,0
1140,0.42952,0.41094,0.28047,0.00771,-0.33446,-0.43267,-0.63553,-0.71118,-0.60939,-0.53684,-0.34979,0.10546,0.40225,0.74815,0.9619,0.88145,0.76361,0.57982,0.27518,-0.27723,-0.62867,-0.9259,-1.18492,-1.16318,-1.0546,0
1200,0.35494,0.38001,0.04244,-0.02846,-0.33301,-0.47396,-0.70086,-0.70916,-0.63605,-0.5181,-0.1066,0.19015,0.52882,0.72853,0.957,0.86892,0.87354,0.48922,0.25617,-0.36862,-0.63786,-1.07272,-1.13865,-1.02062,-0.89444,0
1260,0.51858,0.32609,0.09167,-0.14712,-0.37729,-0.47066,-0.70234,-0.70651,-0.59657,-0.35427,-0.01424,0.23985,0.56255,0.84744,0.8173,0.81448,0.70317,0.33204,0.04894,-0.35427,-0.87037,-1.0969,-1.25707,-1.14449,-0.93128,0
1320,0.45564,0.1458,-0.03039,-0.20561,-0.35093,-0.62068,-0.60801,-0.62581,-0.6039,-0.2984,0.01069,0.26689,0.61413,0.90153,0.94917,0.90751,0.65104,0.26541,-0.07885,-0.5615,-0.76687,-1.11015,-1.146,-1.01239,-0.69614,0
1380,0.25078,0.09854,-0.02885,-0.32085,-0.44198,-0.67978,-0.69333,-0.59066,-0.42514,-0.22496,0.02067,0.44162,0.61977,0.83177,0.87887,0.85761,0.54015,0.2682,-0.21371,-0.55919,-0.92833,-1.04413,-1.08733,-1.01692,-0.67817,0
1440,0.2905,0.067,-0.06037,-0.31576,-0.45527,-0.6501,-0.71929,-0.54414,-0.39476,-0.161,0.20355,0.46435,0.69618,0.83788,0.87412,0.81411,0.47836,0.07956,-0.25178,-0.69246,-0.94059,-1.13399,-1.14478,-0.90194,-0.65668,0
1500,0.27941,0.14178,-0.16388,-0.30353,-0.54144,-0.71436,-0.55466,-0.55201,-0.34551,-0.00483,0.23757,0.63073,0.79023,0.90032,0.89887,0.69993,0.45466,-0.01767,-0.39808,-0.78576,-0.98174,-1.12657,-1.10327,-0.80365,-0.37922,0
1560,0.19516,0.02386,-0.19622,-0.48091,-0.57012,-0.66112,-0.64998,-0.44364,-0.37415,0.06291,0.35967,0.56933,0.79473,0.83077,0.78135,0.62137,0.24326,-0.0635,-0.51956,-0.88173,-1.08724,-1.13689,-1.0099,-0.692,-0.3,0
1620,0.12688,-0.07325,-0.22918,-0.43884,-0.62263,-0.65507,-0.65596,-0.39136,-0.19985,0.11311,0.40455,0.71194,0.85024,0.86181,0.77691,0.57331,0.20925,-0.2678,-0.57847,-0.93322,-1.05769,-1.0762,-0.91274,-0.5791,-0.15797,0
1680,0.11762,-0.17749,-0.36425,-0.44612,-0.63551,-0.67612,-0.54521,-0.40435,-0.08842,0.13776,0.47015,0.63389,0.793,0.84919,0.64871,0.48487,0.09648,-0.35103,-0.76406,-0.96589,-1.10312,-1.058,-0.95171,-0.57594,-0.08085,0
1740,-0.00138,-0.16066,-0.38868,-0.35704,-0.70263,-0.58011,-0.45393,-0.31735,-0.07116,0.29066,0.57091,0.77693,0.81017,0.85638,0.62576,0.3162,-0.01095,-0.41818,-0.72231,-0.98186,-1.03485,-0.96447,-0.71145,-0.4551,0.18682,0
1800,0.00073,-0.14942,-0.38153,-0.59205,-0.66065,-0.60625,-0.45352,-0.24068,0.06954,0.31633,0.70565,0.77778,0.85786,0.72494,0.51543,0.25466,-0.15598,-0.44805,-0.82102,-1.02049,-0.99355,-0.874,-0.59923,-0.28257,0.18953,0
1860,-0.07259,-0.1808,-0.48979,-0.54018,-0.66885,-0.54994,-0.3844,-0.14096,0.05299,0.36264,0.66923,0.82655,0.85808,0.64122,0.45589,0.24301,-0.21572,-0.58454,-0.90131,-1.15234,-1.12997,-0.93442,-0.54041,-0.18326,0.29235,0
1920,-0.09954,-0.38668,-0.39304,-0.48637,3.03674,-0.51844,-0.29601,-0.06178,0.15541,0.45335,0.75241,0.86753,0.79698,0.77082,0.41328,0.05341,-0.33754,-0.64537,-0.94461,-1.02508,-1.04094,-0.74461,-0.41113,0.07073,0.5222,1
1980,-0.13514,-0.35084,-0.4949,-0.62752,-0.61979,-0.51373,-0.24282,0.0021,0.24111,0.48253,0.80471,0.81005,0.83549,0.58135,0.26482,-0.04709,-0.40215,-0.67038,-0.98889,-1.03313,-0.86887,-0.66265,-0.34947,0.02838,0.59784,0
2040,-0.18556,-0.34355,-0.51767,-0.54511,-0.54252,-0.46385,-0.19987,-0.00959,0.37965,0.60533,0.79386,0.78737,0.72085,0.52477,0.18677,-0.16001,-0.51837,-0.84898,-1.05366,-1.10891,-1.02187,-0.68374,-0.22824,0.21078,0.67726,0
2100,-0.20797,-0.42609,-0.46859,-0.60122,-0.56851,-0.36525,-0.0491,0.12813,0.44518,0.67078,0.7593,0.844,0.701,0.46244,0.17039,-0.27018,-0.48563,-0.86615,-1.00732,-1.16402,-0.79249,-0.58695,-0.06346,0.25664,0.79067,0
2160,-0.32958,-0.44763,-0.52247,-0.57087,-0.40681,-0.31089,-0.15198,0.21556,0.48629,0.67166,0.78699,0.79205,0.63621,0.37348,0.07038,-0.28391,-0.68843,-0.94874,-1.02271,-0.97265,-0.88595,-0.47563,0.04817,0.46306,0.90786,0
2220,-0.2117,-0.52497,-0.58789,-0.45467,-0.42966,-0.3112,0.06874,0.30905,0.53788,0.78948,0.77682,0.71289,0.62243,0.25268,-0.0036,-0.38617,-0.73849,-0.93285,-1.09312,-0.88844,-0.7054,-0.27618,0.09428,0.54228,0.9362,0
2280,-0.42186,-0.45911,-0.57433,-0.58246,-0.44729,-0.2313,0.0233,0.3161,0.50891,0.75246,0.80391,0.87944,0.55576,0.24351,-0.11726,-0.54848,-0.81134,-1.07065,-0.93399,-0.91336,-0.66811,-0.2788,0.20319,0.73945,0.98697,0
2340,-0.49291,-0.59482,-0.56599,-0.42096,-0.33855,-0.07548,0.13982,0.44869,0.67054,0.75319,0.83757,0.62896,0.47998,0.13974,-0.11632,-0.60614,-0.84471,-1.02331,-0.98017,-0.75685,-0.49436,-0.0958,0.28727,0.91234,1.1047,0
2400,-0.46599,-0.58858,-0.56094,-0.44605,-0.32779,-0.04782,0.11747,0.42724,0.63851,0.91568,0.74075,0.52917,0.34081,0.10936,-0.26363,-0.62539,-0.86534,-0.99404,-1.02536,-0.71159,-0.40165,0.06188,0.51293,0.88572,1.15858,0
2460,-0.50021,-0.47875,-0.55361,-0.40846,-0.29595,-0.04663,0.33287,0.47462,0.66956,0.83745,0.90164,0.58951,0.30996,-0.10428,-0.35415,-0.6758,-1.03609,-0.96796,-0.92612,-0.64138,-0.24734,0.19312,0.51573,0.91157,1.13454,0
2520,-0.42964,-0.58105,-0.49705,-0.36666,-0.19804,0.01685,0.25028,0.46775,0.68418,0.6673,0.72893,0.40636,0.24148,-0.21864,-0.45108,-0.80207,-0.92099,-0.99314,-0.73294,-0.59765,-0.23638,0.27741,0.6966,0.94617,1.24253,0
2580,-0.47704,-0.50758,-0.4033,-0.34074,-0.13591,0.09663,0.47838,0.52003,0.63312,0.79804,0.67641,0.42681,0.09557,-0.22278,-0.60614,-0.83839,-1.07212,-0.95184,-0.82797,-0.42676,-0.03939,0.39989,0.78714,1.13192,1.14008,0
2640,-0.52918,-0.53603,-0.48683,-0.32682,-0.0931,0.20302,0.43931,0.6281,0.82307,0.7633,0.56133,0.34786,0.03997,-0.34295,-0.66477,-0.88699,-1.11329,-0.8739,-0.68198,-0.4148,0.084,0.50638,0.90089,1.07232,1.3233,0
2700,-0.47839,-0.50762,-0.38971,-0.22976,0.06525,0.29703,0.44073,0.70038,0.70884,0.70839,0.47704,0.25152,-0.0175,-0.36866,-0.76452,-0.94595,-0.98599,-0.84515,-0.61598,-0.27049,0.1941,0.70243,0.95011,1.07558,1.19512,0
2760,-0.47275,-0.48776,-0.33493,-0.19054,0.07543,0.26154,0.51991,0.65956,0.77008,0.64843,0.4033,0.15164,-0.15935,-0.51732,-0.72147,-0.99389,-0.91566,-0.83364,-0.49355,-0.1291,0.26646,0.73706,0.98869,1.16388,1.12849,0
2820,-0.44699,-0.40157,-0.31451,-0.08294,0.20341,0.32733,0.60141,0.78932,0.77643,0.63727,0.35339,0.07902,-0.24409,-0.61721,-0.74914,-0.9661,-0.91434,-0.7365,-0.4484,-0.0168,0.43117,0.84389,1.17078,1.24591,1.09211,0
2880,-0.51574,-0.46686,-0.28312,0.01954,0.16028,0.48392,0.61509,0.7526,0.68133,0.49914,0.33102,-0.06196,-0.40185,-0.67864,-0.88337,-0.89983,-0.86538,-0.63427,-0.33542,0.04775,0.5585,0.87803,1.10141,1.14435,1.04935,0
2940,-0.37819,-0.38525,-0.08716,0.05627,0.23953,0.47346,0.59829,0.67173,0.7101,0.47785,0.26707,-0.17661,-0.39634,-0.70305,-0.89663,-0.95249,-0.88309,-0.74723,-0.31007,0.16531,0.5155,1.01323,1.06991,1.22373,1.00387,0
3000,-0.4478,-0.34225,-0.09848,0.04361,0.30794,0.52855,0.76156,0.76452,0.6031,0.4397,0.16684,-0.23159,-0.58898,-0.78124,-0.84043,-0.93646,-0.80818,-0.5163,-0.15555,0.21806,0.65677,0.97865,1.1771,1.10186,0.81809,0
3060,-0.38563,-0.2852,-0.10808,0.09796,0.42161,0.57115,0.71923,0.6672,0.57557,0.32587,0.09619,-0.25789,-0.58943,-0.71504,-0.98083,-0.89699,-0.72466,-0.47804,-0.08042,0.30427,0.71944,0.9968,1.17787,1.12045,0.82228,0
3120,-0.43711,-0.22736,-0.03584,0.15661,0.48818,0.66392,0.66693,0.65761,0.43259,0.28885,0.02026,-0.25339,-0.64795,-0.80896,-0.93749,-0.88378,-0.70541,-0.39837,0.11336,0.5036,0.78895,1.05632,1.16775,1.06075,0.81519,0
3180,-0.28038,-0.15484,-0.04304,0.35004,0.4582,0.56176,0.69169,0.63915,0.49139,0.25499,-0.19399,-0.42417,-0.59489,-0.80347,-0.86674,-0.90254,-0.51949,-0.23859,0.15155,0.61907,0.90028,1.12383,1.14077,1.01659,0.71012,0
3240,-0.24772,-0.11147,0.10677,0.36832,0.48397,0.6783,0.59271,0.51781,0.4126,0.13833,-0.18791,-0.48296,-0.70952,-0.81747,-0.91438,-0.82755,-0.43958,-0.11041,0.3213,0.68503,1.04571,1.11327,1.08939,0.92695,0.48372,0
3300,-0.29419,-0.11357,0.14467,0.32865,0.5924,0.64756,0.61941,0.52663,0.30203,-0.00285,-0.34216,-0.46137,-0.86406,-0.91345,-0.86984,-0.68645,-0.37731,-0.01751,0.36185,0.79403,1.02172,1.08273,1.09188,0.82503,0.40358,0
3360,-0.22289,-0.00888,0.18156,0.38816,0.60991,0.59121,0.54994,0.43328,0.13208,-0.06186,-0.33614,-0.56527,-0.75378,-0.87502,-0.82553,-0.587,-0.20712,0.13156,0.46808,0.81821,1.10615,1.1435,0.95062,0.78439,0.31078,0
3420,-0.14437,0.03352,0.23919,0.42378,0.61135,0.59467,0.54824,0.46456,0.23101,-0.12297,-0.38455,-0.60157,-0.89808,-0.81052,-0.77501,-0.51368,-0.23935,0.22752,0.62103,0.90093,1.07817,1.12215,0.91635,0.64768,0.09399,0
3480,-0.07745,0.0493,0.33061,0.47745,0.50099,0.59426,0.51824,0.31507,0.04331,-0.11995,-0.45719,-0.7694,-0.82029,-0.85581,-0.74595,-0.35398,-0.07175,0.28214,0.62753,0.98289,1.12393,1.03757,0.8218,0.51282,0.03773,0
3540,-0.09804,0.16913,0.33996,0.53144,0.64924,0.65247,0.4933,0.34362,0.04537,-0.26951,-0.52385,-0.70326,-0.83845,-0.83849,-0.63998,-0.4364,0.02704,0.47163,0.69217,0.83148,1.10738,1.04744,0.80065,0.39886,-0.12513,0
3600,-0.16724,0.35016,0.372,0.51109,0.55136,0.55166,0.44652,0.2288,-0.01535,-0.36025,-0.68056,-0.76809,-0.81463,-0.7629,-0.4376,-0.25584,0.07874,0.45178,0.82719,0.98524,1.06367,0.99191,0.6757,0.27901,-0.22494,0
3660,0.04049,0.20045,0.39684,0.59652,0.59139,0.5478,0.39636,0.18453,-0.17915,-0.39819,-0.59174,-0.74434,-0.90728,-0.75947,-0.50007,-0.19476,0.11469,0.58629,0.91659,1.00542,1.05569,0.92709,0.60922,0.12828,-0.27986,0
3720,0.08436,0.33246,0.48978,0.62089,0.59158,0.47308,0.29621,0.15314,-0.1562,-0.53211,-0.73688,-0.79236,-0.76076,-0.64535,-0.44594,-0.05712,0.30742,0.68421,0.92338,1.15034,4.28777,0.81943,0.50232,-0.04412,-0.48818,1
3780,0.14246,0.38263,0.52062,0.54129,0.51066,0.50051,0.31018,0.0629,-0.31383,-0.52734,-0.67581,-0.75196,-0.85427,-0.48408,-0.36029,0.07107,0.41343,0.68596,1.00975,1.09108,1.0248,0.77513,0.36475,-0.09375,-0.47941,0
3840,0.16975,0.49199,0.50063,0.63456,0.45144,0.42407,0.18374,0.03473,-0.20011,-0.69269,-0.74451,-0.84702,-0.75167,-0.592,-0.20598,0.13237,0.56628,0.85182,1.02362,0.97679,0.87379,0.62435,0.2009,-0.20572,-0.68169,0
3900,0.24567,0.47034,0.53049,0.59182,0.5886,0.3969,0.12026,-0.09714,-0.44812,-0.60452,-0.87464,-0.84034,-0.75342,-0.52049,-0.13062,0.24251,0.48276,0.97641,0.98659,1.01439,0.90434,0.59639,0.1055,-0.342,-0.70813,0
3960,0.31303,0.42572,0.55088,0.59203,0.47367,0.35895,0.05856,-0.25495,-0.42604,-0.64465,-0.85324,-0.84856,-0.6516,-0.45521,-0.04635,0.31236,0.66595,0.9081,1.06068,0.95879,0.80784,0.51793,-0.06434,-0.51365,-0.9271,0
4020,0.2598,0.36913,0.52795,0.53471,0.50271,0.27638,-0.07317,-0.283,-0.51888,-0.76358,-0.78362,-0.79117,-0.65601,-0.33949,0.06545,0.46333,0.69113,0.98364,1.05361,1.00612,0.65849,0.28861,-0.07862,-0.64482,-0.97848,0
4080,0.31343,0.55792,0.55807,0.43723,0.4888,0.13473,-0.04982,-0.4099,-0.59941,-0.69024,-0.84956,-0.70511,-0.5543,-0.34121,0.1541,0.49262,0.84115,1.11898,0.97145,0.90316,0.53184,0.18886,-0.2991,-0.74821,-1.02695,0
4140,0.39721,0.4757,0.49573,0.46831,0.38935,0.09806,-0.18415,-0.33023,-0.61417,-0.74725,-0.75942,-0.67624,-0.37781,-0.15838,0.2353,0.54724,0.87328,0.96864,0.9602,0.81113,0.57377,0.14497,-0.36128,-0.7665,-1.0673,0
4200,0.41295,0.56215,0.56511,0.38563,0.30723,0.1452,-0.10636,-0.4314,-0.66542,-0.82744,-0.84007,-0.68749,-0.35216,-0.03049,0.28643,0.65338,0.91706,1.01851,0.88845,0.7598,0.48694,-0.01721,-0.4867,-0.82622,-1.17135,0
4260,0.46922,0.52442,0.56522,0.34352,0.26792,0.06986,-0.24253,-0.54413,-0.65151,-0.75958,-0.81567,-0.6234,-0.30774,0.10849,0.37715,0.67805,0.95623,0.98795,0.87381,0.6658,0.31262,-0.18506,-0.59211,-1.02366,-1.18561,0
4320,0.46727,0.50714,0.56712,0.39727,0.23866,-0.10743,-0.37398,-0.60279,-0.69637,-0.78018,-0.67135,-0.43008,-0.19971,0.15898,0.49684,0.74501,0.99732,0.98457,0.90125,0.51907,0.15179,-0.26308,-0.63807,-1.01494,-1.13429,0
4380,0.52997,0.5846,0.55776,0.27487,0.12066,-0.21766,-0.47146,-0.69585,-0.75536,-0.72014,-0.58237,-0.42882,-0.24848,0.28624,0.52265,0.89252,1.04763,0.91883,0.82046,0.3898,0.07534,-0.4485,-0.85175,-1.12939,-1.27978,0
4440,0.48748,0.52823,0.41789,0.32139,-0.04825,-0.18887,-0.39143,-0.59023,-0.65485,-0.79286,-0.55635,-0.3482,-0.07139,0.37621,0.61668,0.90441,0.98904,0.86991,0.74814,0.30594,-0.0724,-0.48639,-0.85499,-1.12609,-1.21308,0
4500,0.54706,0.51141,0.37101,0.15439,0.08037,-0.23132,-0.44513,-0.67389,-0.74601,-0.65986,-0.4757,-0.20124,0.05854,0.28926,0.63928,0.9869,0.86752,0.91355,0.618,0.28308,-0.06075,-0.60955,-0.87433,-1.08649,-1.08583,0
4560,0.60386,0.56057,0.44557,0.19782,-0.15514,-0.27555,-0.5542,-0.70031,-0.78172,-0.67732,-0.43192,-0.19928,0.1715,0.53534,0.8648,0.93615,0.94331,0.78418,0.48457,0.25566,-0.31382,-0.68343,-0.98801,-1.22661,-1.20277,0
4620,0.5151,0.40763,0.3498,0.10954,-0.22774,-0.40818,-0.58149,-0.73092,-0.67712,-0.60607,-0.32893,-0.11815,0.17567,0.53109,0.83399,0.91399,1.03216,0.65292,0.39605,0.04077,-0.39286,-0.71177,-1.12974,-1.23425,-1.0967,0
4680,0.54269,0.44446,0.26026,0.00297,-0.24711,-0.51618,-0.63064,-0.74513,-0.66622,-0.52634,-0.25338,0.0035,0.37197,0.65701,0.83628,0.93278,0.89435,0.63662,0.37372,-0.11306,-0.49781,-0.8579,-1.05974,-1.1372,-1.05075,0
4740,0.36509,0.34113,0.23916,-0.01288,-0.27983,-0.49621,-0.56382,-0.66798,-0.72089,-0.53123,-0.22441,0.12172,0.45265,0.6773,0.91706,0.9226,0.87298,0.67566,0.24062,-0.2594,-0.52262,-0.96834,-1.14989,-1.21581,-1.008,0
4800,0.47696,0.24886,0.15225,-0.10675,-0.28148,-0.48828,-0.70152,-0.67219,-0.69385,-0.42442,-0.19395,0.18658,0.53497,0.85005,0.93661,0.92218,0.77678,0.44838,0.11344,-0.29284,-0.72384,-0.97904,-1.11996,-1.17126,-0.94998,0
4860,0.44705,0.25784,0.08437,-0.20797,-0.39248,-0.64713,-0.75442,-0.66122,-0.5887,-0.33636,-0.09771,0.24869,0.68138,0.70197,0.97735,0.87781,0.73073,0.4004,0.03322,-0.4056,-0.74199,-1.04126,-1.17277,-1.10815,-0.82641,0
4920,0.40013,0.29085,0.04756,-0.10804,-0.47269,-0.60131,-0.68747,-0.70672,-0.53043,-0.20556,0.02491,0.29887,0.62001,0.75865,0.91778,0.74808,0.69696,0.3667,0.01884,-0.5299,-0.85282,-1.11009,-1.17928,-1.09388,-0.67992,0
4980,0.38819,0.15925,-0.03417,-0.18838,-0.50165,-0.53099,-0.54155,-0.54932,-0.46968,-0.21908,0.05974,0.44355,0.61666,0.87402,0.90297,0.78775,0.60696,0.15726,-0.2573,-0.46972,-0.81118,-1.12766,-1.10222,-0.99092,-0.58332,0
5040,0.24927,0.10495,0.01689,-0.33546,-0.54918,-0.70775,-0.68589,-0.54378,-0.31125,-0.0963,0.1858,0.54624,0.81027,0.93074,0.7855,0.73128,0.54106,0.02351,-0.33548,-0.70745,-1.03044,-1.18732,-1.04725,-0.87721,-0.60805,0
5100,0.24869,0.01929,-0.12311,-0.3484,-0.48522,-0.61577,-0.69928,-0.5846,-0.28836,-0.05879,0.20466,0.49117,0.74529,0.90042,0.81387,0.67009,0.41383,0.06791,-0.4612,-0.70365,-1.0331,-1.09362,-1.02268,-0.79214,-0.48027,0
5160,0.26328,-0.02637,-0.17806,-0.31498,-0.50844,-0.72955,-0.59475,-0.47227,-0.24821,-0.02747,0.36722,0.59452,0.81142,0.94164,0.8547,0.54166,0.24143,-0.09359,-0.50267,-0.91125,-1.01451,-1.13096,-1.06576,-0.6769,-0.29603,0
5220,0.14246,-0.07343,-0.26618,-0.41767,-0.5766,-0.6217,-0.59864,-0.39128,-0.17755,0.06435,0.48925,0.64492,0.76881,0.87847,0.74679,0.54139,0.24228,-0.20115,-0.5629,-0.94291,-1.04958,-1.14079,-1.02046,-0.57141,-0.20809,0
5280,0.04936,-0.16182,-0.35838,-0.52444,-0.60584,-0.66955,-0.52737,-0.37845,-0.18181,0.27521,0.46594,0.70092,0.88966,0.86644,0.66998,0.47968,0.07682,-0.2741,-0.67638,-0.95586,-1.1094,-1.08367,-0.97774,-0.47821,0.04479,0
5340,0.14027,-0.11339,-0.33786,-0.59633,-0.59099,-0.5835,-0.5097,-0.27754,-0.07734,0.28929,0.4834,0.78007,0.80613,0.79501,0.74166,0.31267,-0.02377,-0.39781,-0.67852,-1.01722,-1.07346,-1.08378,-0.75247,-0.39737,0.08676,0
5400,0.07391,-0.25528,-0.44357,-0.5941,-0.67674,-0.54713,-0.46861,-0.23106,0.02053,0.36958,0.62601,0.78857,0.79282,0.77278,0.5481,0.22623,-0.07457,-0.53185,-0.89461,-0.93388,-0.94681,-1.0073,-0.67398,-0.24664,0.20254,0
5460,-0.05802,-0.3022,-0.48864,-0.49622,-0.66031,-0.56565,-0.33897,-0.12056,0.10236,0.41654,0.73246,0.83399,0.88952,0.74486,0.57235,0.22555,-0.14104,-0.62311,-0.95006,-1.06446,-1.09128,-0.85303,-0.66331,-0.12141,0.31507,0
5520,-0.12733,-0.36817,-0.42418,-0.54179,-0.63905,-0.52616,-0.343,-0.0847,0.23525,0.45132,0.61551,0.74635,0.78047,0.63596,0.40876,0.07802,-0.29084,-0.69842,-0.98985,-1.02657,-1.04045,-0.86079,-0.43591,0.01683,0.48843,0
5580,-0.11951,-0.28101,-0.4676,-0.69545,-0.64681,-0.5186,-0.29616,0.01457,0.30523,0.56985,0.76868,0.86847,0.73777,0.5817,0.28073,-0.00257,-0.51847,-0.77207,-0.95256,-1.08107,-0.96497,-0.70132,-0.31757,0.19487,0.50023,0
5640,-0.27166,-0.41989,-0.5225,-0.6372,-0.51601,-0.45927,-0.25773,-0.02376,0.34402,0.56375,0.77624,0.74358,0.71642,0.55107,0.25301,-0.12202,-0.45947,-0.80067,-1.07476,-1.04723,-0.987,-0.70859,-0.24158,0.22251,0.7451,0
5700,-0.33116,-0.44477,-0.53959,-0.63698,-0.51732,-0.32502,-0.15347,0.05598,0.40836,0.74226,0.82403,0.81941,0.71812,0.4562,0.16276,-0.24491,-0.57256,-0.903,-1.03712,-1.10755,-0.81837,-0.59552,-0.17943,0.38051,0.80475,0
5760,-0.38334,-0.50967,-0.5806,-0.59546,-0.50809,-0.27793,-0.08234,0.09007,0.41472,0.57464,0.78747,0.79967,0.6241,0.39105,-0.00104,-0.28387,-0.64984,-0.96321,-1.1042,-0.977,-0.76555,-0.45286,0.03801,0.49498,0.83662,0
5820,-0.38191,-0.53199,-0.57363,-0.53772,-0.42477,-0.34048,-0.07402,0.31859,0.49154,0.61895,0.7443,0.77389,0.49858,0.25566,-0.03317,-0.43121,-0.66627,-0.97078,-1.06843,-1.04167,-0.68741,-0.3733,0.2168,0.56056,0.91776,0
5880,-0.37011,-0.52617,-0.56649,-0.47397,-0.47171,-0.12778,0.01299,0.40524,0.59786,0.74584,0.78597,0.74455,0.50475,0.06694,-0.09981,-0.6486,-0.72742,-0.89938,-1.07822,-0.9254,-0.51278,-0.1943,0.2297,0.67135,1.05101,0
5940,-0.41418,-0.52937,-0.60844,-0.55329,-0.34788,-0.18149,0.15448,0.41354,0.62763,0.77852,0.72857,0.63701,0.43669,0.12697,-0.24994,-0.56084,-0.80539,-1.06291,-1.03272,-0.82122,-0.43355,-0.0447,0.40051,0.81151,1.08194,0
6000,-0.38623,-0.47547,-0.58955,-0.46842,-0.31107,-0.12455,0.17801,0.48433,0.70126,0.78747,0.8364,0.67643,0.32981,-0.0007,-0.31515,-0.63537,-0.91664,-0.9521,-0.90408,-0.78221,-0.36299,0.03496,0.43908,0.84881,1.11693,0
6060,-0.46415,-0.57018,-0.50894,-0.42318,-0.17703,-0.077,0.29014,0.58007,0.71119,0.8156,0.67084,0.48475,0.28975,-0.09672,-0.44361,-0.70093,-0.94804,-1.0198,-0.90775,-0.67187,-0.32447,0.1767,0.51115,1.01425,1.12871,0
6120,-0.44554,-0.67344,-0.46842,-0.3136,-0.14484,0.10934,0.33797,0.67046,0.65896,0.72908,0.70898,0.46681,0.11015,-0.19859,-0.4757,-0.82492,-1.00897,-0.97734,-0.83968,-0.4767,-0.13043,0.28834,0.68048,0.99051,1.26711,0
6180,-0.53132,-0.57843,-0.48495,-0.2736,-0.07579,0.13105,0.39892,0.71854,0.78292,0.7921,0.70704,0.43882,0.08754,-0.27043,-0.5501,-0.83488,-0.91738,-0.95849,-0.82492,-0.42876,-0.05267,0.33841,0.72156,1.13957,1.27618,0
6240,-0.55527,-0.47054,-0.45658,-0.3251,-0.02061,0.19619,0.58607,0.59972,0.69716,0.70549,0.58219,0.35541,-0.00864,-0.28512,-0.57696,-0.82047,-1.02609,-0.86393,-0.66104,-0.27673,0.04701,0.49793,0.86597,1.05217,1.30179,0
6300,-0.487,-0.49147,-0.36424,-0.28854,-0.00181,0.24092,0.50264,0.78022,0.69896,0.77513,0.5002,0.24413,-0.08287,-0.43156,-0.70342,-0.8528,-0.9248,-0.86369,-0.56091,-0.33885,0.1664,0.54413,0.98816,1.18859,1.1731,0
6360,-0.4668,-0.46635,-0.38322,-0.24554,0.18117,0.41726,0.54549,0.68326,0.66767,0.65924,0.42938,0.18115,-0.16892,-0.56555,-0.78866,-0.93733,-0.96256,-0.86406,-0.47035,-0.21745,0.33034,0.67254,1.03833,1.23331,1.16698,0
6420,-0.46177,-0.43934,-0.3009,-0.08007,0.15778,0.48345,0.49515,0.75903,0.63342,0.62599,0.33376,0.05646,-0.28431,-0.60936,-0.8337,-0.95721,-0.94214,-0.7777,-0.4725,0.04658,0.42748,0.75236,1.08325,1.15118,1.09597,0
6480,-0.46486,-0.34424,-0.18221,-0.01509,0.22367,0.39865,0.63235,0.74392,0.72163,0.5584,0.25584,-0.09671,-0.31397,-0.56303,-0.80922,-0.97564,-0.81678,-0.70862,-0.36768,0.08194,0.4663,0.82474,0.97696,1.17266,1.08641,0
6540,-0.4436,-0.38997,-0.09925,-0.00075,0.20928,0.46575,0.66409,0.72088,0.66422,0.46773,0.31213,-0.0553,-0.41144,-0.66801,-0.94981,-0.89674,-0.82336,-0.6072,-0.33798,0.11812,0.74144,1.00658,1.15873,1.23586,1.01895,0
6600,-0.45347,-0.31032,-0.16086,0.10487,0.31983,0.57711,0.63946,0.68891,0.56038,0.38856,0.18557,-0.24042,-0.40671,-0.76275,-0.85464,-0.88164,-0.73034,-0.56447,-0.18362,0.18148,0.68348,0.96979,1.15688,1.0986,0.96899,0
6660,-0.39345,-0.30982,-0.01693,0.14794,0.42764,0.57225,0.6626,0.62537,0.58127,0.31332,0.02682,-0.27554,-0.56591,-0.78811,-0.92861,-0.90097,-0.70519,-0.45475,-0.00634,0.33856,0.72778,1.09405,1.16318,1.12373,0.84738,0
6720,-0.33443,-0.20373,-0.10014,0.21979,0.30711,0.46991,0.61478,0.56691,0.59554,0.31599,-0.01816,-0.33524,-0.58558,-0.83952,-0.96586,-0.9209,-0.68931,-0.35723,0.13411,0.56956,0.94196,1.1295,1.07522,1.10099,0.73888,0
6780,-0.31805,-0.16925,0.02942,0.25962,0.4282,0.62642,0.60856,0.56483,0.44534,0.23513,-0.06747,-0.51152,-0.66069,-0.853,-0.91679,-0.83414,-0.51953,-0.17746,0.17723,0.60432,0.8951,1.03962,1.09495,0.95004,0.58568,0
6840,-0.17139,-0.18582,0.12326,0.27567,0.51553,0.62008,0.60439,0.63866,0.35518,0.08418,-0.1245,-0.46984,-0.78213,-0.8854,-0.9308,-0.74959,-0.477,-0.13175,0.23362,0.73063,0.90533,1.09728,1.08891,0.85865,0.61678,0
6900,-0.26498,-0.08337,0.10799,0.37041,0.5865,0.66878,0.61841,0.60489,0.42232,0.02882,-0.3018,-0.62731,-0.78343,-0.88293,-0.84046,-0.61156,-0.43965,0.06413,0.39558,0.74706,0.97424,1.14946,1.08398,0.85445,0.45073,0
6960,-0.23483,0.03189,0.13072,0.34108,0.53383,0.65834,0.67769,0.49334,0.24859,0.00816,-0.33552,-0.58161,-0.78528,-0.86533,-0.83994,-0.50725,-0.2374,0.14374,0.49047,0.94209,1.04953,1.1059,0.95156,0.67524,0.23812,0
7020,-0.11218,0.06025,0.31213,0.44871,0.48755,0.6077,0.5206,0.41459,0.18061,-0.08922,-0.46361,-0.63298,-0.85474,-0.87569,-0.75142,-0.53381,-0.16078,0.14066,0.56709,0.90469,1.10354,1.16847,0.99209,0.6026,0.23452,0
7080,-0.04578,0.13137,0.28775,0.46233,0.57144,0.60059,0.58904,0.37759,0.12526,-0.22606,-0.46904,-0.68601,-0.90866,-0.81085,-0.65364,-0.38832,-0.04825,0.32406,0.62756,0.9586,1.06189,1.11248,0.87779,0.37212,0.02338,0
7140,0.0078,0.12885,0.36253,0.5665,0.54081,0.67629,0.57274,0.32055,-0.03047,-0.27356,-0.51939,-0.76189,-0.80803,-0.84267,-0.62346,-0.36885,0.01961,0.43632,0.77424,1.00725,1.08536,0.99108,0.78559,0.35965,-0.12224,0
7200,-0.02468,0.21391,0.38175,0.49047,0.59776,0.62864,0.41185,0.24468,-0.04712,-0.36114,-0.66879,-0.785,-0.88065,-0.74815,-0.52854,-0.37775,0.04999,0.51815,0.83933,1.05187,1.00204,1.035,0.60232,0.29343,-0.23986,0
7260,0.00136,0.23154,0.46415,0.61407,0.5588,0.50841,0.36346,0.19567,-0.0647,-0.46384,-0.60271,-0.79486,-0.84977,-0.69044,-0.54959,-0.09301,0.17939,0.67733,0.93481,0.99902,1.10103,0.89289,0.55071,0.22092,-0.33047,0
7320,0.06047,0.28629,0.46081,0.47906,0.64203,0.47385,0.37672,0.04543,-0.20085,-0.39379,-0.67031,-0.75357,-0.79083,-0.75392,-0.37005,-0.13408,0.30423,0.71774,1.02943,1.07419,1.04764,0.83835,0.47138,-0.00305,-0.43218,0
7380,0.10549,0.35835,0.56956,0.55392,0.58674,0.53637,0.16198,0.06171,-0.33186,-0.52737,-0.79062,-0.75089,-0.79664,-0.52481,-0.32191,0.03577,0.50272,0.77607,0.987,1.03394,0.99196,0.77223,0.37405,-0.03628,-0.67314,0
7440,0.19503,0.36368,0.47406,0.6101,0.58158,0.44111,0.18187,-0.14782,-0.41526,-0.61037,-0.84225,-0.84217,-0.64711,-0.51567,-0.28485,0.13693,0.5418,0.74375,1.00235,1.05025,0.92603,0.77384,0.23669,-0.19535,-0.73725,0
7500,0.23452,0.49716,0.498,0.58831,0.52031,0.42034,0.13478,-0.0565,-0.33743,-0.66182,-0.76299,-0.75568,-0.70326,-0.45538,-0.0893,0.15501,0.54943,0.89611,1.03841,1.04009,0.82061,0.54361,0.15962,-0.37844,-0.79035,0
7560,0.22799,0.47238,0.51237,0.55317,0.41661,0.28249,0.03347,-0.15692,-0.48633,-0.691,-0.76816,-0.82397,-0.7023,-0.40634,0.00383,0.31682,0.58428,0.81698,0.99964,1.0972,0.75128,0.41632,-0.03336,-0.45039,-0.77832,0
7620,0.37109,0.44857,0.51166,0.52312,0.4607,0.26943,-0.03794,-0.32014,-0.56746,-0.75412,-0.7912,-0.7339,-0.61221,-0.361,-0.04061,0.46562,0.82729,1.08515,0.95558,1.07284,0.81651,0.23341,-0.06343,-0.50112,-0.95319,0
7680,0.39016,0.54409,0.55511,0.57808,0.42078,0.21622,0.01809,-0.36406,-0.59144,-0.72206,-0.87858,-0.68142,-0.47859,-0.26406,0.16436,0.49546,0.80043,0.90731,1.00543,0.99314,0.57672,0.21275,-0.30667,-0.6801,-1.03455,0
7740,0.41972,0.61747,0.54291,0.51771,0.30689,0.12768,-0.12166,-0.39531,-0.57074,-0.77647,-0.83936,-0.67837,-0.51234,-0.09397,0.34706,0.70612,0.77146,1.00886,1.05255,0.91999,0.51393,0.0838,-0.33911,-0.63972,-1.09436,0
7800,0.44323,0.58231,0.59381,0.47279,0.24739,0.00666,-0.27087,-0.50845,-0.70827,-0.74552,-0.74848,-0.60773,-0.37666,0.00846,0.36359,0.68446,0.92678,0.99988,0.92825,0.74798,0.39925,-0.04561,-0.46456,-0.94128,-1.1556,0
7860,0.36341,0.58213,0.45066,0.41393,0.21765,0.07908,-0.33977,-0.51343,-0.67595,-0.86231,-0.67757,-0.5622,-0.30465,0.077,0.31078,0.69262,0.91396,0.95218,0.91449,0.67482,0.31694,-0.13045,-0.6357,-0.97811,-1.10137,0
7920,0.44837,0.51013,0.38826,0.33922,0.13079,-0.03585,-0.34052,-0.47565,-0.68758,-0.69324,-0.75393,-0.53465,-0.13533,0.13142,0.51026,0.84794,0.87642,1.01657,0.85844,0.54886,0.14844,-0.16146,-0.76179,-1.03065,-1.12752,0
7980,0.47555,0.54093,0.42043,0.35584,0.15038,-0.20738,-0.44682,-0.59778,-0.70878,-0.76607,-0.58319,-0.35418,-0.00872,0.23325,0.66467,0.90378,0.91132,0.96971,0.72686,0.50434,0.08224,-0.44078,-0.71234,-1.15782,-1.23429,0
8040,0.3929,0.40281,0.4378,0.25325,0.05336,-0.21167,-0.45719,-0.59917,-0.7841,-0.72555,-0.66348,-0.31593,0.10849,0.37479,0.60563,0.85316,0.9157,0.85198,0.74848,0.30229,-0.03705,-0.50053,-0.88681,-1.07724,-1.31054,0
8100,0.61639,0.49669,0.33391,0.21182,-0.04816,-0.26971,-0.50103,-0.71294,-0.75839,-0.65524,-0.58609,-0.25784,0.00861,0.48064,0.7612,0.93792,0.95408,0.86858,0.5891,0.26927,-0.07797,-0.59681,-0.89036,-1.1544,-1.1398,0
8160,0.51135,0.49726,0.22195,0.08692,-0.1627,-0.39818,-0.57452,-0.73411,-0.71777,-0.60914,-0.53873,-0.14604,0.12713,0.50428,0.70304,0.92503,0.90958,0.79947,0.54959,0.15732,-0.27572,-0.728,-0.95069,-1.162,-1.23242,0
8220,0.57274,0.5006,0.20534,0.09921,-0.14897,-0.43871,-0.58686,-0.6708,-0.64266,-0.53731,-0.3656,0.00582,0.26829,0.61362,0.81937,0.932,0.87831,0.69968,0.52263,0.12136,-0.44715,-0.75711,-1.19018,-1.19326,-1.04925,0
8280,0.47775,0.33999,0.2741,0.11089,-0.2486,-0.37508,-0.65985,-0.66732,-0.60772,-0.49317,-0.26589,-0.03315,0.30904,0.67782,0.82275,0.89007,0.84182,0.68146,0.39701,-0.08734,-0.45369,-0.84729,-1.13016,-1.26864,-1.13943,0
8340,0.49155,0.30949,0.1611,0.04684,-0.30165,-0.49907,-0.62507,-0.63125,-0.70101,-0.5961,-0.17854,0.1465,0.4481,0.69588,0.8194,0.92249,0.82187,0.51724,0.18114,-0.20086,-0.51523,-0.95658,-1.18402,-1.26178,-1.1111,0
8400,0.41135,0.34321,0.13893,-0.1019,-0.31431,-0.49284,-0.65018,-0.66655,-0.7579,-0.43906,-0.17584,0.25502,0.5268,0.77204,0.96813,0.88804,0.82839,0.455,0.08521,-0.31798,-0.69626,-1.02092,-1.19368,-1.22632,-0.94015,0
8460,0.39907,0.25909,0.04133,-0.11511,-0.36089,-0.64009,-0.65939,-0.68456,-0.5736,-0.39201,0.00023,0.18506,0.53095,0.81202,0.86617,0.8354,0.67539,0.46626,0.02429,-0.42424,-0.77431,-1.07473,-1.29586,-1.04915,-0.73253,0
8520,0.42935,0.23521,0.03096,-0.2162,-0.38962,-0.54516,-0.59801,-0.60029,-0.5181,-0.27196,0.01105,0.39967,0.59994,0.84637,0.84957,0.87887,0.61161,0.3343,-0.14336,-0.42287,-0.81248,-1.20608,-1.17314,-1.12667,-0.76178,0
8580,0.2856,0.15968,-0.09808,-0.18151,-0.49589,-0.65858,-0.70998,-0.50643,-0.504,-0.24722,0.02265,0.38488,0.67241,0.84342,0.888,0.83815,3.52487,0.12939,-0.1895,-0.57551,-0.87896,-1.14255,-1.12677,-0.99685,-0.64911,1
8640,0.37405,0.06229,-0.09884,-0.3401,-0.44248,-0.64602,-0.64759,-0.4757,-0.32359,-0.12119,0.12139,0.46502,0.7127,0.85743,0.86408,0.71339,0.3924,0.13826,-0.20559,-0.62039,-1.03133,-1.21077,1.01028,-0.82802,-0.50074,1
8700,0.27805,0.07925,-0.15305,-0.35022,-0.49792,-0.74613,-0.69429,-0.51044,-0.36794,-0.02552,0.24359,0.57252,0.85931,0.89238,0.93604,0.71799,0.4809,0.03424,-0.4355,-0.71641,-1.04136,-1.056,-1.08991,-0.83497,-0.37258,0
8760,0.18159,0.03861,-0.20269,-0.39981,-0.49213,-0.62178,-0.71669,-0.50915,-0.19293,-0.00062,0.44009,0.71588,0.79155,0.81276,0.72011,0.71518,0.29868,-0.08954,-0.48538,-0.8817,-1.08139,-1.14104,-1.00873,-0.69372,-0.21467,0
8820,0.18038,0.06008,-0.24499,-0.4792,-0.56709,-0.58231,-0.59221,-0.40826,-0.21803,0.05378,0.49278,0.70029,0.90099,0.87271,0.76085,0.51895,0.1742,-0.23676,-0.56812,-0.83956,-1.03965,-1.11385,-0.95339,-0.64291,-0.17312,0
8880,0.12252,-0.14482,-0.30787,-0.53487,-0.67473,-0.59714,-0.50064,-0.32697,-0.22935,0.21094,0.52129,0.73707,0.77668,0.8303,0.68528,0.4014,0.14892,-0.33362,-0.626,-1.03844,-1.06873,-1.09052,-0.85733,-0.51325,-0.05812,0
8940,0.10094,-0.24765,-0.33188,-0.44779,-0.67466,-0.67366,-0.43341,-0.3675,-0.09622,0.19935,0.47215,0.71811,0.86304,0.83885,0.64511,0.46503,-0.08244,-0.42251,-0.72507,-0.96177,-1.04726,-1.06381,-0.75642,-0.406,0.06416,0
9000,-0.00015,-0.16953,-0.39926,-0.41192,-0.65149,-0.62486,-0.53635,-0.21912,0.06593,0.28169,0.57929,0.80935,0.83648,0.77293,0.4632,0.34738,-0.09295,-0.49457,-0.78649,-1.02822,-1.01436,-1.05367,-0.68843,-0.35052,0.28497,0
9060,0.01778,-0.23835,-0.33554,-0.48983,-0.64115,-0.58927,-0.40773,-0.23226,0.07621,0.39031,0.60869,0.85818,0.86029,0.72637,0.50166,0.3028,-0.20669,-0.53782,-0.86817,-1.10006,-1.03794,-0.99979,-0.47315,-0.13824,0.30348,0
9120,-0.09063,-0.30886,-0.44606,-0.54502,-0.54573,-0.49185,-0.41217,-0.13203,0.21873,0.53362,0.74993,0.75934,0.83112,0.65145,0.37864,0.07104,-0.28795,-0.69321,-0.95367,-1.17383,-1.03959,-0.80439,-0.44401,0.03502,0.42957,0
9180,-0.08459,-0.36082,-0.44433,-0.64483,-0.53127,-0.58785,-0.26766,0.04732,0.21297,0.54768,0.74724,0.88048,0.83278,0.67058,0.33951,-0.09886,-0.43963,-0.74803,-1.02503,-1.17197,-1.00109,-0.74787,-0.37376,0.12467,0.63398,0
9240,-0.19705,-0.42461,-0.61142,-0.61395,-0.57803,-0.37478,-0.25488,0.0991,0.29716,0.59247,0.74367,0.76721,0.66126,0.54632,0.23974,-0.05887,-0.52895,-0.86054,-0.98959,-1.00086,-0.98385,-0.75002,-0.18619,0.14452,0.6925,0
9300,-0.21326,-0.52564,-0.50886,-0.63905,-0.56185,-0.35932,-0.13615,0.01931,0.46516,0.67428,0.74862,0.80108,0.78675,0.47528,0.20693,-0.22348,-0.63368,-0.87724,-1.00621,-0.94456,-0.88242,-0.53006,-0.17648,0.38005,0.78045,0
9360,-0.23208,-0.57214,-0.65451,-0.59753,-0.47047,-0.37963,-0.0974,0.22851,0.52684,0.53288,0.8124,0.71273,0.60842,0.36915,0.06673,-0.30489,-0.68352,-0.90879,-0.95295,-0.97408,-0.79358,-0.52405,-0.00049,0.48896,0.81268,0
9420,-0.28756,-0.46408,-0.61896,-0.61979,-0.42335,-0.30884,-0.02317,0.25823,0.52246,0.76323,0.73766,0.70685,0.63217,0.28396,-0.06869,-0.44724,-0.71941,-0.96233,-1.03216,-0.98025,-0.709,-0.32475,0.19359,0.48589,0.9292,0
9480,-0.37532,-0.57813,-0.56387,-0.58293,-0.45081,-0.24087,0.12157,0.35906,0.57465,0.73295,0.84354,0.69341,0.4727,0.21895,-0.13327,-0.53247,-0.90717,-1.06308,-1.04716,-0.95441,-0.63327,-0.26295,0.32041,0.70367,1.16206,0
9540,-0.40848,-0.51351,-0.52481,-0.44325,-0.4048,-0.14987,0.12232,0.42248,0.58458,0.75569,0.69263,0.64967,0.44263,0.17889,-0.27706,-0.54182,-0.85264,-0.95822,-0.98491,-0.90093,-0.43099,-0.15313,0.324,0.78697,1.03163,0
9600,-0.37375,-0.55305,-0.62428,-0.49988,-0.26979,-0.137,0.18734,0.45698,0.70237,0.70146,0.80488,0.58108,0.41644,0.05087,-0.28845,-0.64442,-0.83601,-0.97604,-0.88511,-0.72126,-0.41932,0.02237,0.4391,0.87398,1.18593,0
9660,-0.40838,-0.61181,-0.5735,-0.35068,-0.22078,0.02054,0.32727,0.49843,0.79098,0.7735,0.81766,0.52897,0.24967,-0.02962,-0.33288,-0.78695,-0.97139,-1.02325,-0.87892,-0.5893,-0.34668,0.13976,0.58358,0.92569,1.1322,0
9720,-0.48397,-0.48283,-0.48581,-0.31797,-0.24078,0.0502,0.34168,0.51948,0.71096,0.83677,0.68837,0.46993,0.209,-0.21778,-0.42312,-0.77047,-0.92494,-1.00468,-0.73157,-0.59333,-0.15751,0.21338,0.70912,1.02198,1.16059,0
9780,-0.55107,-0.50058,-0.38969,-0.33333,-0.07979,0.06824,0.41619,0.54489,0.75204,0.72033,0.66269,0.33584,0.09762,-0.24321,-0.60085,-0.82432,-0.92051,-1.00652,-0.83304,-0.48753,-0.10759,0.37639,0.78909,1.06743,1.24356,0
9840,-0.47986,-0.50964,-0.33449,-0.20216,0.00022,0.20433,0.49784,0.55521,0.707,0.69362,0.62609,0.29149,0.07544,-0.38418,-0.68928,-0.91601,-1.0302,-0.88487,-0.72079,-0.40279,0.09865,0.49107,0.81103,1.18674,1.24958,0
9900,-0.40305,-0.51528,-0.46305,-0.30257,-0.04259,0.30296,0.41137,0.73037,0.77907,0.71238,0.49466,0.32212,-0.09203,-0.48307,-0.79632,-0.84831,-0.95047,-0.99404,-0.63349,-0.3295,0.13126,0.59609,0.95661,1.13957,1.20499,0
9960,-0.45937,-0.46397,-0.38041,-0.17302,0.09629,0.383,0.5248,0.77115,0.75866,0.48678,0.43181,0.22623,-0.12224,-0.39695,-0.7118,-0.9627,-0.93302,-0.82533,-0.59688,-0.11626,0.31656,0.69092,1.01838,1.11233,1.25949,0
10020,-0.5881,-0.41388,-0.24026,-0.11988,0.22702,0.47887,0.52115,0.68748,0.63357,0.62699,0.42393,0.04807,-0.29116,-0.61889,-0.77049,-0.97846,-0.9252,-0.73371,-0.46558,0.00053,0.38689,0.7808,0.97802,1.17756,1.15778,0
10080,-0.44447,-0.42267,-0.30072,-0.03195,0.16655,0.4488,0.52984,0.63655,0.63814,0.52056,0.30059,0.0381,-0.37246,-0.63949,-0.77885,-1.00662,-0.96493,-0.67717,-0.32669,0.02181,0.4458,0.87777,1.03894,1.17151,1.03942,0
10140,-0.49554,-0.3699,-0.18588,0.04578,0.28441,0.50581,0.59214,0.72308,0.63948,0.43682,0.21911,-0.06228,-0.40681,-0.70274,-0.84796,-0.94831,-0.80475,-0.5612,-0.22055,0.17676,0.6237,0.93208,1.05853,1.20982,0.96278,0
10200,-0.43253,-0.29952,-0.13297,0.0899,0.29745,0.52461,0.71355,0.66778,0.60968,0.4577,0.12702,-0.17987,-0.48812,-0.67607,-0.92089,-1.02442,-0.69588,-0.50804,0.02615,0.3106,0.76016,1.05254,1.19529,1.15008,0.98199,0
10260,-0.37745,-0.28508,-0.09078,0.06841,0.35462,0.55842,0.63381,0.68597,0.5618,0.37092,-9e-05,-0.37444,-0.55974,-0.74635,-0.83008,-0.88557,-0.76355,-0.44252,-0.02097,0.52282,0.70229,1.00499,1.14904,1.06754,0.85181,0
10320,-0.40906,-0.24247,-0.06296,0.29197,0.41214,0.64007,0.69724,0.69149,0.57112,0.33031,0.01962,-0.36496,-0.57078,-0.86439,-0.95529,-0.79228,-0.69799,-0.27035,0.08865,0.48712,0.80965,1.15816,1.17244,0.98128,0.72778,0
10380,-0.39177,-0.19875,0.01237,0.31589,0.51819,0.5703,0.69578,0.60167,0.40863,0.1982,-0.07365,-0.47288,-0.76991,-0.83872,-0.99031,-0.81066,-0.51484,-0.26334,0.14435,0.64222,0.90808,1.12663,1.22428,0.95441,0.67376,0
10440,-0.22343,-0.09685,0.12929,0.28203,0.53568,0.69748,0.70802,0.69905,0.43128,0.13567,-0.17109,-0.46354,-0.717,-0.81099,-0.87502,-0.79528,-0.44233,-0.15992,0.24897,0.7135,0.98524,1.12455,1.094,0.96067,0.4993,0
10500,-0.2223,-0.11421,0.12241,0.33308,0.54145,0.54205,0.68737,0.4605,0.39663,0.07497,-0.34293,-0.57123,-0.76936,-0.9068,-0.84685,-0.62681,-0.35859,0.01468,0.37387,0.78411,0.98664,1.07556,1.11852,0.78903,0.33915,0
10560,-0.23294,-0.07642,0.17363,0.3999,0.52308,0.72033,0.6775,0.433,0.24271,-0.06434,-0.39205,-0.71202,-0.88162,-0.8362,-0.85711,-0.517,-0.29345,0.03841,0.53378,0.85714,1.02007,1.12454,1.06523,0.66944,0.33901,0
10620,-0.18949,0.08772,0.26245,0.45668,0.63494,0.65454,0.61858,0.43568,0.19163,-0.11434,-0.37961,-0.67575,-0.8721,-0.79778,-0.68571,-0.56672,-0.13988,0.17417,0.53071,0.87394,1.13056,1.13077,0.95787,0.64334,0.19811,0
10680,-0.12819,0.08018,0.37361,0.46167,0.59524,0.67356,0.57419,0.3142,0.11768,-0.12699,-0.52966,-0.71007,-0.87391,-0.86443,-0.72718,-0.43172,-0.1364,0.32682,0.56495,0.90509,1.18658,0.9609,0.90558,0.56296,0.10066,0
10740,0.01496,0.06106,0.3116,0.47183,0.6757,0.63641,0.482,0.36495,-0.00165,-0.19819,-0.50471,-0.69743,-0.72682,-0.82775,-0.651,-0.42476,0.05674,0.43305,0.76117,0.97433,1.06977,1.07045,0.77128,0.32205,-0.08992,0
10800,0.05026,0.17913,0.3215,0.51692,0.62371,0.53954,0.4991,0.07948,-0.10724,-0.37756,-0.61109,-0.79524,-0.80396,-0.81239,-0.64084,-0.22617,0.14778,0.47752,0.84976,0.99483,1.14878,0.96945,0.64829,0.21081,-0.13748,0
10860,0.01373,0.21863,0.47271,0.55252,0.60294,0.53278,0.40153,0.14562,-0.12262,-0.44828,-0.67727,-0.83165,-0.82375,-0.77416,-0.55295,-0.09341,0.19617,0.6412,0.84664,1.12955,1.08052,0.96015,0.57658,0.07945,-0.44874,0
10920,-0.00498,0.27949,0.43172,0.63315,0.56838,0.52128,0.36262,0.1171,-0.1223,-0.48431,-0.64551,-0.80813,-0.8286,-0.72177,-0.48208,-0.02965,0.28949,0.70311,0.96501,1.10568,0.99818,0.88171,0.46051,-0.00886,-0.56256,0
10980,0.13692,0.33484,0.54382,0.71286,0.51054,0.44915,0.39139,0.04741,-0.28899,-0.48284,-0.73774,-0.83962,-0.81031,-0.66186,-0.38549,0.18666,0.44921,0.74059,1.01623,1.08272,0.81635,0.88224,0.47443,-0.11349,-0.53956,0
11040,0.19213,0.36586,0.54262,0.58168,0.49864,0.38555,0.12435,-0.075,-0.38782,-0.63942,-0.7891,-0.85134,-0.68902,-0.57393,-0.23199,0.09058,0.44628,0.79953,0.98062,1.10486,0.98737,0.73166,0.17197,-0.32861,-0.63634,0
11100,0.21416,0.3692,0.55321,0.59882,0.44964,0.36022,0.18553,-0.04094,-0.39931,-0.63065,-0.84197,-0.68956,-0.66305,-0.48271,-0.14876,0.13338,0.53215,0.8092,1.04981,1.05768,0.87027,0.55139,0.18617,-0.35643,-0.83908,0
11160,0.2515,0.45528,0.56574,0.64691,0.53239,0.38356,0.14906,-0.27182,-0.45505,-0.66158,-0.75187,-0.81842,-0.64396,-0.3834,0.00023,0.43316,0.64233,0.95363,1.02874,0.97993,0.75674,0.44515,0.02585,-0.41567,-0.89328,0
11220,0.29636,0.38719,0.59978,0.51743,0.45966,0.19074,0.04175,-0.34214,-0.6195,-0.64225,-0.85558,-0.78471,-0.63551,-0.36586,0.0692,0.41886,0.63738,0.98585,1.06376,0.92347,0.5621,0.29116,-0.07734,-0.56704,-0.9497,0
11280,0.24398,0.40441,0.59725,0.53292,0.36065,0.21539,-0.02915,-0.27117,-0.61516,-0.69525,-0.82547,-0.73129,-0.53462,-0.24772,0.14151,0.40916,0.74553,0.93862,1.00812,0.88779,0.61933,0.10806,-0.21463,-0.60253,-1.09808,0
11340,0.37206,0.58086,0.54459,0.46713,0.34733,0.10683,-0.15494,-0.46965,-0.55566,-0.71889,-0.7986,-0.80514,-0.46517,-0.14393,0.22165,0.57727,0.87611,1.04344,1.06582,0.75419,0.52486,0.11669,-0.36041,-0.79872,-1.12577,0
11400,0.50862,0.51834,0.56938,0.56222,0.21856,0.14639,-0.2027,-0.40193,-0.65687,-0.85912,-0.7548,-0.66123,-0.39978,-0.01686,0.39935,0.6055,0.91551,1.00536,0.95722,0.78047,0.37831,-0.08931,-0.54253,-0.86362,-1.11587,0
11460,0.44044,0.55268,0.58415,0.43227,0.19981,-0.03381,-0.2508,-0.50183,-0.6628,-0.77057,-0.73972,-0.48246,-0.29991,-0.00083,0.29523,0.67576,0.93543,0.95791,0.99709,0.68595,0.24929,-0.04753,-0.54754,-1.02809,-1.17383,0
11520,0.46027,0.59938,0.56391,0.34859,0.2197,-0.06607,-0.30179,-0.50196,-0.69266,-0.70117,-0.69235,-0.4183,-0.15117,0.08392,0.44524,0.77134,0.91014,1.01168,0.82511,0.51351,0.15231,-0.19776,-0.71567,-1.10212,-1.20641,0
11580,0.52603,0.4235,0.46964,0.36463,0.11985,-0.11818,-0.48206,-0.58538,-0.73426,-0.78024,-0.67611,-0.44802,-0.06001,0.25747,0.5891,0.80461,0.92725,0.90351,0.78995,0.49704,0.05008,-0.31314,-0.77661,-1.10401,-1.24438,0
11640,0.54075,0.59856,0.40659,0.30274,0.1357,-0.1568,-0.47746,-0.65373,-0.73706,-0.70323,-0.56145,-0.4333,0.00981,0.37673,0.61502,0.92439,0.87449,0.9824,0.73642,0.30652,-0.07529,-0.49178,-0.86809,-1.16567,-1.23795,0
11700,0.50525,0.47042,0.44683,0.29108,-0.04387,-0.22941,-0.53086,-0.67541,-0.7641,-0.71036,-0.45809,-0.19659,0.03989,0.50919,0.70358,0.87362,1.06084,0.93119,0.56763,0.33676,-0.17986,-0.52908,-0.91889,-1.11693,-1.16864,0
11760,0.50508,0.37441,0.34265,0.17906,-0.09905,-0.36163,-0.49819,-0.65991,-0.76087,-0.69111,-0.38102,-0.05534,0.24658,0.3408,0.75443,0.9387,0.96916,0.74502,0.60786,0.19134,-0.24422,-0.59114,-0.98012,-1.15023,-1.20496,0
11820,0.55705,0.48602,0.29781,0.08413,-0.14275,-0.45873,-0.57762,-0.67141,-0.72765,-0.54455,-0.37497,-0.1591,0.24757,0.60032,0.9135,1.03045,0.90668,0.74664,0.38636,0.03097,-0.39862,-0.65602,-1.03963,-1.25146,-1.11035,0
11880,0.51354,0.38488,0.24285,0.13969,-0.18915,-0.39316,-0.60349,-0.66699,-0.66354,-0.58101,-0.41132,-0.05111,0.28068,0.59536,0.87371,0.93311,0.91927,0.6857,0.25576,0.03531,-0.43491,-0.85063,-1.16898,-1.11013,-1.02717,0
11940,0.49208,0.38675,0.14052,-0.09555,-0.3879,-0.46518,-0.57906,-0.6244,-0.6597,-0.44475,-0.18606,0.1902,0.36918,0.78765,0.86188,0.99282,0.86515,0.60896,0.14645,-0.16271,-0.59818,-0.8835,-1.18861,-1.19458,-1.0766,0
12000,0.47722,0.30157,0.1304,-0.10768,-0.27291,-0.56088,-0.68379,-0.69711,-0.58876,-0.446,-0.14809,0.19397,0.56784,0.62711,0.96702,0.88093,0.76706,0.50032,0.10627,-0.32469,-0.75451,-1.0136,-1.24655,-1.08657,-0.88973,0
12060,0.44888,0.30487,0.06132,-0.1026,-0.44093,-0.61027,-0.75175,-0.73372,-0.6059,-0.29473,-0.03473,0.27108,0.6068,0.85002,0.92147,0.80292,0.72357,0.34359,-0.01302,-0.37916,-0.80987,-1.0785,-1.13182,-0.99592,-0.87422,0
12120,0.45619,0.32707,-0.03642,-0.2314,-0.53692,-0.53052,-0.68401,-0.70198,-0.55861,-0.22883,-0.06347,0.43832,0.67027,0.83801,0.91845,0.72651,0.5958,0.35004,-0.05624,-0.44107,-0.8368,-1.14136,-1.1908,-1.05172,-0.80002,0
12180,0.34201,0.20321,0.0034,-0.21679,-0.44651,-0.65959,-0.71266,-0.60389,-0.44416,-0.22739,0.17213,0.42154,0.75124,0.94508,0.83478,0.69392,0.58426,0.23715,-0.15591,-0.68287,-0.85536,-1.15809,-1.07052,-1.00297,-0.69618,0
12240,0.30874,0.09317,-0.07197,-0.32465,-0.50924,-0.71817,-0.66539,-0.59497,-0.43776,-0.07153,0.15328,0.50264,0.74022,0.83352,0.89428,0.63907,0.41797,0.18329,-0.25687,-0.77753,-0.99088,-1.12603,-1.14243,-0.95697,-0.54053,0
12300,0.25211,0.13588,-0.19116,-0.43301,-0.57081,-0.70408,-0.70895,-0.57352,-0.28109,-0.0854,0.31775,0.56019,0.83381,0.85307,0.83686,0.72663,0.42911,0.00103,-0.36031,-0.69556,-1.05733,-1.15423,-1.04956,-0.84764,-0.46165,0
12360,0.15568,-0.01305,-0.24284,-0.41634,-0.58525,-0.67589,-0.62106,-0.41188,-0.22037,0.02954,0.40956,0.61171,0.8513,0.88424,0.75283,0.68273,0.24769,-0.12472,-0.53715,-0.79733,-0.98138,-1.11814,-0.97107,-0.72693,-0.29655,0
12420,0.22037,-0.05915,-0.21997,-0.54274,-0.5941,-0.6973,-0.64636,-0.38368,-0.19175,0.08078,0.32943,0.62728,0.87495,0.88976,0.77978,0.51944,0.13673,-0.19054,-0.70984,-0.88383,-1.05225,-1.11684,-0.95621,-0.65618,-0.17383,0
12480,0.16524,-0.12195,-0.22513,-0.52556,-0.58055,-0.75703,-0.57713,-0.32134,-0.07599,0.1312,0.56011,0.66369,0.80714,0.85017,0.75572,0.46169,0.0543,-0.35359,-0.70389,-0.97397,-1.13097,-1.10703,-0.93495,-0.57529,-0.05115,0
12540,0.04944,-0.14751,-0.34001,-0.52354,-0.67002,-0.58378,-0.52756,-0.34923,-0.04016,0.22906,0.61538,0.77359,0.92278,0.84904,0.67965,0.33773,-0.03253,-0.41943,-0.73425,-1.00747,-1.13749,-1.05143,-0.76685,-0.45702,0.09643,0
12600,-0.03019,-0.18963,-0.36346,-0.56048,-0.63652,-0.74764,-0.41216,-0.22853,-0.03299,0.2983,0.53095,0.78582,0.94371,0.78321,0.59845,0.13848,-0.00728,-0.50379,-0.73401,-1.02738,-1.07124,-0.93251,-0.68282,-0.32147,0.25765,0
12660,-0.10366,-0.2697,-0.45818,-0.58479,-0.65058,-0.54564,-0.38574,-0.16246,0.10799,0.32526,0.71505,0.81907,0.84295,0.73667,0.55136,0.18036,-0.18941,-0.55165,-0.89037,-1.05539,-1.0882,-0.98189,-0.62682,-0.13556,0.32435,0
12720,-0.19452,-0.29593,-0.42537,-0.61473,-0.68316,-0.47709,-0.30231,-0.04858,0.19347,0.47137,0.71686,0.89776,0.82098,0.61744,0.49307,0.01857,-0.23312,-0.668,-0.98021,-1.05048,-0.97039,-0.7506,-0.48296,-0.03328,0.5052,0
12780,-0.17615,-0.40066,-0.46231,-0.6245,-0.5788,-0.46601,-0.11635,0.00713,0.27295,0.58692,0.75645,0.76077,0.66208,0.61919,0.38119,-0.15008,-0.36412,-0.74129,-1.02236,-1.0,-1.01415,-0.71781,-0.38912,0.05614,0.66746,0
12840,-0.24051,-0.38915,-0.56204,-0.51599,-0.52314,-0.43971,-0.21497,0.11275,0.30171,0.59546,0.83804,0.89577,0.75841,0.62526,0.18807,-0.07223,-0.46078,-0.80377,-1.02702,-1.04536,-0.95155,-0.70073,-0.27601,0.26057,0.69591,0
12900,-0.20795,-0.49302,2.26875,-0.56847,-0.55294,-0.43413,-0.20328,0.24495,0.41028,0.65521,0.79415,0.82758,0.69171,0.55567,0.16986,-0.18437,-0.56656,-0.83908,-1.05445,-1.04452,-0.84443,-0.6113,-0.13803,0.3709,0.79977,1
12960,-0.30797,-0.42354,-0.63484,-0.58258,-0.52251,-0.35801,-0.1237,0.10042,0.53109,0.67089,0.78831,0.81398,0.70211,0.45786,0.02887,-0.31201,-0.70978,-0.88323,-1.03861,-0.95045,-0.74501,-0.39727,0.03092,0.47164,0.81604,0
13020,-0.32522,-0.5528,-0.56502,-0.51935,-0.42649,-0.33102,0.04979,0.25976,0.55967,0.78189,0.86915,0.7769,0.57463,0.35741,-0.09153,-0.33505,-0.73537,-0.97329,-1.0436,-1.06311,-0.66227,-0.24662,0.10061,0.58145,1.02508,0
13080,-0.42054,-0.51617,-0.52918,-0.54652,-0.44101,-0.18642,0.0216,0.40476,0.62517,0.77433,0.75833,0.72841,0.57279,0.11159,-0.13136,-0.42994,-0.70917,-1.03401,-1.00868,-0.84058,-0.54898,-0.30209,0.14471,0.69233,1.05998,0
13140,-0.3793,-0.50633,-0.51875,-0.54065,-0.32783,-0.0882,0.18711,0.35688,0.64057,0.68982,0.75559,0.65094,0.53922,0.10649,-0.15148,-0.53095,-1.01913,-0.99256,-1.07692,-0.87808,-0.52495,-0.01334,0.3591,0.74512,1.06618,0
13200,-0.37481,-0.54976,-0.55423,-0.46461,-0.29644,-0.04708,0.20282,0.37633,0.67705,0.82854,0.76848,0.52715,0.3748,0.05579,-0.37701,-0.65342,-0.83621,-0.92911,-0.9543,-0.72529,-0.4138,0.00484,0.54481,0.92015,1.17756,0
13260,-0.48534,-0.62446,-0.52001,-0.43009,-0.31805,0.03077,0.30712,0.47817,0.70436,0.7228,0.6549,0.57004,0.29195,-0.07585,-0.38034,-0.75326,-0.88406,-0.99441,-0.9287,-0.54694,-0.38224,0.11985,0.58837,0.93192,1.24373,0
13320,-0.53105,-0.4575,-0.52044,-0.35477,-0.18999,0.02848,0.38689,0.54213,0.73914,0.74464,0.67769,0.47812,0.16043,-0.11693,-0.50347,-0.74235,-0.92364,-0.92822,-0.88136,-0.54255,-0.1928,0.25854,0.64943,0.9976,1.23975,0
13380,-0.49214,-0.50258,-0.49766,-0.27577,-0.13637,0.13743,0.37617,0.53199,0.69088,0.73774,0.57235,0.35194,0.19016,-0.275,-0.56001,-0.84373,-0.93275,-0.99742,-0.69692,-0.42674,-0.09962,0.49483,0.8103,1.10506,1.20017,0
13440,-0.55261,-0.57672,-0.43911,-0.30551,0.08054,0.18152,0.44382,0.60953,0.78368,0.69683,0.55059,0.42977,0.05376,-0.31906,-0.52829,-0.91107,-1.02056,-0.96512,-0.65534,-0.40657,0.10493,0.45117,0.77406,1.0859,1.23133,0
13500,-0.49249,-0.51792,-0.39377,-0.15637,0.10235,0.25482,0.54605,0.68265,0.70972,0.69875,0.59299,0.2189,-0.1048,-0.28574,-0.67263,-0.9772,-0.9878,-0.90306,-0.63158,-0.25439,0.14948,0.61055,0.93878,1.19193,1.18904,0
13560,-0.50234,-0.49078,-0.30588,-0.184,0.0754,0.29498,0.65334,0.64162,0.76337,0.68492,0.50058,0.16915,-0.16019,-0.50672,-0.90622,-0.97312,-0.88785,-0.86193,-0.53619,-0.02724,0.22452,0.65929,0.99403,1.08151,1.12909,0
13620,-0.51933,-0.50983,-0.27592,-0.11087,0.10583,0.37396,0.50784,0.75936,0.69284,0.61191,0.45297,0.10956,-0.2824,-0.58908,-0.78158,-0.96329,-0.86675,-0.74636,-0.51752,-0.02257,0.4339,0.806,1.07633,1.23095,1.0362,0
13680,-0.54902,-0.41867,-0.22524,-0.00424,0.17055,0.41136,0.64815,0.62782,0.79999,0.56649,0.29502,-0.00899,-0.38997,-0.54942,-0.86226,-0.9713,-0.80254,-0.6293,-0.35637,0.08616,0.47191,0.83838,1.09344,1.20012,1.13155,0
13740,-0.43834,-0.36356,-0.11166,0.00752,0.3122,0.51458,0.68933,0.68138,0.58339,0.46518,0.23234,-0.11534,-0.39801,-0.65561,-0.90191,-0.94614,-0.79899,-0.68336,-0.26353,0.23601,0.5775,0.9315,1.17453,1.16825,1.10216,0
13800,-0.45887,-0.37959,-0.22395,0.03933,0.35448,0.51552,0.62926,0.72775,0.64563,0.44619,0.14948,-0.17584,-0.55945,-0.84651,-0.94863,-0.96211,-0.82676,-0.51958,-0.15892,0.21978,0.67761,1.00783,1.12944,1.17822,0.94981,0
13860,-0.38483,-0.25116,-0.08692,0.20188,0.41885,0.54163,0.66042,0.74051,0.62757,0.33495,0.07046,-0.28952,-0.49517,-0.75274,-1.01628,-0.9215,-0.68502,-0.48437,-0.05067,0.46342,0.76069,1.02157,1.07842,1.04954,0.9071,0
13920,-0.36668,-0.27007,-0.01682,0.22877,0.41578,0.61645,0.70915,0.69653,0.61882,0.21376,-0.07821,-0.39976,-0.63906,-0.91572,-0.94538,-0.81358,-0.61043,-0.23664,0.12482,0.54386,0.8207,1.06435,1.19715,1.0825,0.65463,0
13980,-0.33066,-0.21885,0.03446,0.25391,0.48666,0.58765,0.69409,0.60268,0.46601,0.23441,-0.0862,-0.4015,-0.71881,-0.94489,-0.8328,-0.76711,-0.56572,-0.23141,0.25921,0.64539,0.89844,1.10882,1.16181,0.9993,0.71366,0
14040,-0.26389,-0.09726,-0.01442,0.34897,0.6154,0.6557,0.70901,0.66702,0.45148,0.24405,-0.22601,-0.50611,-0.71315,-0.96195,-0.88957,-0.74757,-0.4148,-0.05902,0.3342,0.71469,0.97759,1.14078,1.13992,0.94704,0.4981,0
14100,-0.22176,-0.04518,0.07442,0.36727,0.50118,0.69674,0.53164,0.58701,0.35166,0.09262,-0.28813,-0.53264,-0.77611,-0.8652,-0.83415,-0.68844,-0.36696,0.01042,0.4045,0.68463,1.00904,1.12466,1.04635,0.83161,0.40228,0
14160,-0.13715,0.04356,0.20022,0.37633,0.55975,0.66985,0.59804,0.57625,0.30163,-0.10494,-0.32893,-0.53935,-0.64843,-0.91144,-0.81953,-0.68132,-0.26373,0.1227,0.51088,0.78257,1.09837,1.21229,1.07047,0.73226,0.29179,0
14220,-0.19004,0.10251,0.28704,0.45542,0.63725,0.57734,0.57769,0.51072,0.15245,-0.13034,-0.39657,-0.74199,-0.88405,-0.84331,-0.81341,-0.56506,-0.23239,0.20721,0.5922,0.87815,1.08423,1.1584,0.91744,0.59133,0.18231,0
14280,-0.0943,0.042,0.19148,0.43763,0.66065,0.67438,0.61065,0.38814,0.12269,-0.18887,-0.5689,-0.71063,-0.88601,-0.88624,-0.76584,-0.45265,-0.04489,0.34557,0.62729,0.96926,1.09407,0.96604,0.9063,0.46829,0.07076,0
14340,-0.06478,0.15748,0.26574,0.48996,0.59264,0.69002,0.48238,0.3079,0.0219,-0.32317,-0.48952,2.90783,-0.90059,-0.88978,-0.70325,-0.38425,0.04809,0.35742,0.70942,1.03874,1.16717,1.00914,0.69011,0.49524,-0.09106,1
14400,0.0108,0.13285,0.35887,0.51533,0.5851,0.45133,0.52705,0.22334,-0.03424,-0.33942,2.57181,-0.79784,-0.83722,-0.82456,-0.67401,-0.2425,0.13431,0.48565,0.82212,1.00698,1.04446,0.91364,0.67366,0.32109,-0.20548,1
14460,0.0423,0.27666,0.36389,0.57484,0.63047,0.61589,0.43233,0.09789,-0.09908,-0.37452,-0.62384,-0.81858,-0.93324,-0.84002,-0.41626,-0.12423,0.22412,0.62636,0.8679,1.12051,1.08915,0.83316,0.6532,0.12175,-0.39611,0
14520,0.07238,0.24712,0.44911,0.54091,0.62285,0.60445,0.38818,0.05135,-0.19708,-0.49929,-0.73803,-0.85826,-0.80283,-0.75666,-0.42692,-0.16857,0.28372,0.62888,0.89556,1.09177,1.08543,0.77306,0.38913,0.05479,-0.47277,0
14580,0.18993,0.2559,0.59996,0.52453,0.58124,0.46115,0.29889,0.07253,-0.26436,-0.45476,-0.72801,-0.92594,-0.87535,-0.56593,-0.27173,-0.00813,0.43175,0.71352,0.9737,1.09685,0.97139,0.70325,0.35661,-0.07779,-0.48555,0
14640,0.21883,0.23374,0.5398,0.49345,0.60992,0.44178,0.25376,0.032,-0.32386,-0.60312,-0.7035,-0.83435,-0.7636,-0.56372,-0.32634,0.22864,0.53651,0.79662,1.0501,1.17024,0.97756,0.70301,0.19208,-0.19167,-0.71599,0
14700,0.27019,0.39219,0.48984,0.55773,0.5813,0.42739,0.07148,-0.17032,-0.46461,-0.6496,-0.72871,-0.77521,-0.698,-0.51534,-0.10577,0.15515,0.61394,0.79373,1.0634,1.01752,0.88965,0.5645,0.1093,-0.29971,-0.7738,0
14760,0.28102,0.44629,0.53106,0.51612,0.47465,0.3201,0.11718,-0.19482,-0.4965,-0.72883,-0.78975,-0.81466,-0.58161,-0.38,-0.05792,0.31547,0.57515,1.02503,1.07727,0.97784,0.75273,0.38291,0.04319,-0.50027,-0.98106,0
14820,0.29872,0.47203,0.55372,0.55394,0.55952,0.23027,0.04262,-0.29174,-0.44899,-0.748,-0.82891,-0.66296,-0.55757,-0.25988,0.00838,0.49651,0.68182,0.8889,1.03368,0.96975,0.71237,0.26784,-0.1347,-0.69299,-0.98791,0
14880,0.41704,0.52475,0.57618,0.52556,0.41972,0.12343,-0.02674,-0.38049,-0.59103,-0.76974,-0.87347,-0.73816,-0.54205,-0.28334,0.16656,0.53365,0.80039,0.96409,1.08402,0.92186,0.63358,0.19072,-0.32838,-0.70024,-1.05634,0
14940,0.30441,0.57949,0.45478,0.5267,0.37025,0.15153,-0.17284,-0.42599,-0.62721,-0.73833,-0.81259,-0.63366,-0.51073,-0.05872,0.22663,0.57755,0.91784,1.01292,0.96955,0.80294,0.55743,0.12244,-0.36959,-0.68517,-1.0309,0
15000,0.45436,0.60045,0.64026,0.49123,0.35092,0.12211,-0.19918,-0.44364,-0.77491,-0.74113,-0.80721,-0.61045,-0.32992,0.05438,0.29708,0.64881,0.98243,0.97078,0.99649,0.76005,0.43909,0.01082,-0.54753,-0.8603,-1.11744,0
15060,0.5912,0.55448,0.52481,0.4735,0.23623,0.05941,-0.284,-0.53131,-0.79179,-0.74972,-0.67427,-0.56235,-0.26814,0.10892,0.35587,0.75659,0.99283,1.03343,1.02321,0.70404,0.25045,-0.13479,-0.64205,-0.99808,-1.15861,0
15120,0.4011,0.58727,0.49719,0.27228,0.268,-0.08726,-0.35839,-0.55145,-0.72501,-0.7489,-0.65686,-0.53214,-0.19112,0.13236,0.50345,0.77233,0.90937,0.9865,0.90004,0.634,0.17617,-0.21961,-0.69191,-1.05527,-1.16752,0
15180,0.48127,0.61414,0.51919,0.29665,0.08353,-0.12991,-0.39976,-0.66284,-0.671,-0.76592,-0.57442,-0.44688,-0.1346,0.25631,0.60713,0.84773,0.94644,0.96822,0.76617,0.48339,0.11593,-0.40896,-0.91913,-1.02572,-1.27061,0
15240,0.47662,0.50172,0.40221,0.25033,0.07413,-0.22742,-0.35793,-0.64049,-0.83219,-0.79035,-0.61188,-0.29498,0.1567,0.4178,0.65112,0.92695,1.08189,0.92686,0.77419,0.41266,-0.02049,-0.51279,-0.72696,-1.09115,-1.18343,0
15300,0.53475,0.51549,0.44477,0.22381,-0.03312,-0.32566,-0.52884,-0.69757,-0.76316,-0.72794,-0.45577,-0.2361,-0.04087,0.45222,0.82247,0.91204,0.98098,0.85292,0.69142,0.20076,-0.17844,-0.49926,-0.94332,-1.22295,-1.21896,0
15360,0.48405,0.46926,0.43169,0.14694,-0.07675,-0.31793,-0.4988,-0.74919,-0.68864,-0.62335,-0.46493,-0.19812,0.2501,0.48689,0.65791,0.99086,0.91738,0.80689,0.56035,0.13665,-0.24823,-0.7312,-0.98998,-1.18928,-1.10525,0
15420,0.44672,0.457,0.32558,0.15979,-0.0965,-0.35438,-0.51191,-0.71636,-0.76105,-0.66784,-0.33012,-0.11113,0.23912,0.55462,0.79877,0.95145,0.94175,0.71508,0.5228,0.04011,-0.3946,-0.73883,-1.11964,-1.16142,-1.2368,0
15480,0.44037,0.34899,0.24347,-0.04446,-0.19115,-0.42188,-0.66208,-0.78321,-0.73304,-0.46971,-0.30185,-0.08398,0.3566,0.64793,0.84537,0.88204,0.92959,0.64952,0.4205,-0.06183,-0.54313,-0.84025,-1.1472,-1.10592,-1.12165,0
15540,0.58189,0.42898,0.18865,0.04632,-0.2773,-0.48367,-0.65136,-0.70286,-0.68828,-0.53829,-0.29203,0.12934,0.41429,0.62034,0.85822,1.02785,0.78582,0.54791,0.31523,-0.19285,-0.58165,-0.94901,-1.114,-1.14323,-0.97988,0
15600,0.36238,0.37603,0.14663,-0.06703,-0.29613,-0.47573,-0.74664,-0.71887,-0.62326,-0.42412,-0.17824,0.15206,0.50525,0.82126,0.86117,0.86845,0.80523,0.56514,0.14193,-0.28307,-0.64101,-0.96716,-1.19784,-1.14897,-0.91392,0
15660,0.35736,0.29516,0.0138,-0.14849,-0.401,-0.75113,-0.62649,-0.66937,-0.65228,-0.36508,0.03248,0.21496,0.5889,0.77266,0.92771,0.89763,0.664,0.38774,0.0186,-0.31942,-0.75004,-1.05835,-1.21169,-1.14464,-0.89761,0
15720,0.38865,0.21629,-0.03451,-0.26416,-0.40557,-0.66126,-0.71975,-0.56992,-0.56635,-0.29734,-0.03836,0.39842,0.5755,0.79591,0.95186,0.92328,0.62064,0.28251,-0.03863,-0.46397,-0.85255,-1.0619,-1.07936,-0.99037,-0.72084,0
15780,0.36688,0.22168,-0.00517,-0.38086,-0.50921,-0.61879,-0.85476,-0.69075,-0.48676,-0.17868,0.0863,0.38849,0.72456,0.81761,0.92489,0.76509,0.59344,0.24022,-0.24345,-0.61167,-0.82827,-1.11379,-1.12338,-1.05845,-0.74548,0
15840,0.25656,0.16771,-0.14421,-0.30646,-0.50223,-0.55265,-0.69599,-0.50398,-0.4188,-0.04408,0.16862,0.41274,0.67447,0.93277,0.92764,0.72071,0.47831,0.13738,-0.27299,-0.73195,-0.91286,-1.14819,-1.18375,-0.99754,-0.53304,0
15900,0.1894,0.13519,-0.12878,-0.34589,-0.46169,-0.66334,-0.55369,-0.53654,-0.3725,-0.04339,0.28154,0.59108,0.76832,0.83888,0.83393,0.6587,0.38898,-0.05455,-0.39217,-0.789,-1.12335,-1.08135,-0.95929,-0.88333,-0.49179,0
15960,0.1957,-0.07022,-0.17803,-0.4276,-0.63263,-0.6088,-0.60432,-0.55949,-0.21117,-0.01533,0.36053,0.72782,0.83936,0.926,0.87388,0.75204,0.27203,-0.06777,-0.59403,-0.78542,-1.06822,-1.06236,-1.05361,-0.65813,-0.35138,0
16020,0.10227,0.0323,-0.2059,-0.4972,-0.5643,-0.60515,-0.65643,-0.51507,-0.23646,0.06182,0.37121,0.68871,0.86542,0.80971,0.78922,0.43248,0.24573,-0.17192,-0.65088,-0.85113,-1.04033,-1.14129,-0.96958,-0.61953,-0.21211,0
16080,0.10079,-0.10755,-0.32002,-0.44535,-0.64958,-0.63952,-0.45919,-0.38916,-0.06191,0.10864,0.4808,0.74064,0.82109,0.83011,0.71521,0.4542,-0.02834,-0.36741,-0.6552,-0.91167,-1.0963,-1.05938,-0.77686,-0.56964,-0.08058,0
16140,0.00343,-0.23743,-0.35446,-0.4826,-0.66404,-0.69571,-0.53385,-0.31859,-0.09305,0.32355,0.59504,0.79585,0.89053,0.90678,0.62517,0.36731,-0.05787,-0.38134,-0.71076,-0.97309,-1.07527,-0.99639,-0.70685,-0.34964,0.03354,0
16200,0.0367,-0.16043,-0.44944,-0.65997,-0.74692,-0.63647,-0.57202,-0.24379,-0.0084,0.37165,0.65612,0.73477,0.86199,0.84506,0.5688,0.18973,-0.12824,-0.51143,-0.82186,-1.00032,-1.03496,-0.94354,-0.69038,-0.25074,0.19333,0
16260,-0.06724,-0.19734,-0.4088,-0.54049,-0.64385,-0.52993,-0.37705,-0.16176,0.13121,0.35989,0.69613,0.79567,0.8375,0.76948,0.50279,0.16542,-0.23321,-0.59361,-0.83199,-1.04223,-1.08571,-0.84801,-0.60195,-0.10108,0.38502,0
16320,-0.18564,-0.25753,-0.41968,-0.5769,-0.6764,-0.47406,-0.28007,-0.03429,0.2331,0.44156,0.66625,0.86245,0.79565,0.75383,0.44088,0.03224,-0.29998,-0.64516,-0.92303,-0.99928,-1.02029,-0.81678,-0.51064,-0.06223,0.40098,0
16380,-0.0945,-0.36451,-0.49662,-0.71448,-0.66635,-0.48988,-0.29159,-0.01964,0.23579,0.48579,0.77638,0.82061,0.81731,0.70941,0.36674,-0.08523,-0.35618,-0.71466,-1.00908,-1.00782,-1.10193,-0.73086,-0.37145,0.13286,0.63406,0
16440,-0.19414,-0.26966,-0.45008,-0.6289,-0.56943,-0.39482,-0.13769,0.12461,0.44157,0.58458,0.75009,0.856,0.74438,0.53908,0.19939,-0.10596,-0.48411,-0.78284,-1.03544,-0.95544,-0.96757,-0.60848,-0.22531,0.19942,0.66189,0
16500,-0.37208,-0.42621,-0.54827,-0.53967,-0.54504,-0.38264,-0.07738,0.14131,0.41508,0.63534,0.72316,0.78942,0.77246,0.52296,0.13118,-0.2473,-0.635,-0.89383,-0.99767,-1.0798,-0.85678,-0.57004,-0.14654,0.3427,0.7886,0
16560,-0.17047,-0.46765,-0.55929,-0.52168,-0.60841,-0.37198,-0.12691,0.20954,0.48446,0.71676,0.77833,0.7885,0.72433,0.48714,0.04999,-0.29918,-0.57129,-0.92567,-1.01056,-1.01451,-0.79042,-0.37091,0.04547,0.50622,0.80789,0
16620,-0.30974,-0.50385,-0.64955,-0.55444,-0.35853,-0.33858,-0.09798,0.16611,0.51594,0.67673,0.77676,0.72012,0.61725,0.42783,-0.09826,-0.31552,-0.66075,-0.87426,-1.04034,-0.95247,-0.67085,-0.32315,0.05282,0.55261,0.91207,0
16680,-0.36812,-0.44901,-0.60951,-0.62935,-0.42663,-0.17258,0.01563,0.4335,0.67151,0.69278,0.84125,0.64568,0.57974,0.27066,-0.2745,-0.46619,-0.76578,-0.98408,-1.01606,-0.89642,-0.69347,-0.24331,0.17397,0.71768,1.12096,0
16740,-0.39182,-0.54924,-0.42201,-0.51248,-0.29291,-0.11522,0.11625,0.33599,0.76698,0.76537,0.76328,0.65209,0.43261,0.18285,-0.22016,-0.55313,-0.85981,-1.07822,-1.02181,-0.84498,-0.5806,-0.13644,0.44343,0.86619,1.16037,0
16800,-0.51434,-0.54073,-0.44288,-0.3292,-0.27504,-0.09154,0.14255,0.41672,0.56744,0.82114,0.75623,0.58216,0.29902,0.05884,-0.36263,-0.62868,-0.94242,-0.96637,-0.91879,-0.81099,-0.40386,0.10229,0.49712,0.97912,1.17927,0
16860,-0.47693,-0.4843,-0.57208,-0.33024,-0.18158,-0.13559,0.28292,0.58998,0.80009,0.74015,0.7386,0.5965,0.34438,-0.03417,-0.36325,-0.71607,-0.84732,-0.99173,-0.82577,-0.70487,-0.29542,0.19991,0.67493,0.92769,1.21031,0
16920,-0.53005,-0.46734,-0.46527,-0.39403,-0.16584,0.05024,0.34347,0.67279,0.69816,0.6866,0.75758,0.45624,0.11129,-0.07031,-0.46494,-0.72084,-0.9378,-1.01041,-0.84716,-0.56035,-0.17846,0.28943,0.64414,0.98322,1.17366,0
16980,-0.47276,-0.58841,-0.51863,-0.30733,-0.17374,0.17207,0.45332,0.64802,0.72642,0.73601,0.57119,0.40654,0.11063,-0.23946,-0.5925,-0.9023,-0.9173,-1.05385,-0.74857,-0.43588,-0.10495,0.41838,0.75598,1.05749,1.22902,0
17040,-0.48584,-0.55879,-0.46039,-0.29735,-0.08513,0.15325,0.41935,0.67478,0.78383,0.6893,0.55826,0.39558,0.0035,-0.34782,-0.67228,-0.8721,-0.88774,-0.94105,-0.72161,-0.45177,0.15926,0.46136,0.83889,1.15544,1.23047,0
17100,-0.52006,-0.54058,-0.42475,-0.3052,-0.02327,0.25225,0.48773,0.71146,0.81954,0.75306,0.57244,0.2239,-0.01273,-0.45137,-0.7331,-0.96468,-0.96018,-0.82238,-0.62213,-0.36004,0.17715,0.54135,0.8651,1.21488,1.20836,0
17160,-0.49696,-0.49001,-0.35536,-0.22088,0.10862,0.3711,0.52207,0.72309,0.72503,0.64363,0.49111,0.1688,-0.13353,-0.47527,-0.80105,-0.92455,-0.92671,-0.82282,-0.51991,-0.14581,0.24924,0.626,0.92067,1.16332,1.2017,0
17220,-0.52203,-0.39933,-0.2691,-0.04093,0.16774,0.3209,0.51392,0.73568,0.78974,0.67472,0.40769,0.10904,-0.3271,-0.58698,-0.84061,-0.8992,-1.0022,-0.84018,-0.44178,-0.11394,0.40829,0.74168,1.0838,1.22014,1.103,0
17280,-0.50498,-0.46663,-0.25036,-0.11381,0.2143,0.45902,0.53244,0.68701,0.66923,0.47249,0.37711,-0.00112,-0.38472,-0.67073,-0.86178,-0.9638,-0.94975,-0.80507,-0.33357,-0.00072,0.49935,0.79932,1.03703,1.16518,1.04927,0
17340,-0.49167,-0.35117,-0.18272,0.07994,0.24766,0.50791,0.66592,0.67584,0.72919,0.53459,0.21456,-0.03015,-0.41539,-0.68636,-0.9332,-0.94475,-0.89345,-0.58311,-0.28174,0.21903,0.58725,0.93992,1.09882,1.18173,1.10659,0
17400,-0.38361,-0.38245,-0.13772,0.12527,0.34451,0.53328,0.68878,0.65815,0.66653,0.38996,0.21497,-0.17402,-0.41083,-0.74306,-1.00428,-0.89788,-0.72243,-0.44728,-0.06035,0.27181,0.62158,0.98504,1.23959,1.1281,0.97924,0
17460,-0.31696,-0.30463,-0.07914,0.14254,0.29357,0.44218,0.77117,0.65096,0.58352,0.43771,0.07628,-0.22255,-0.61861,-0.83247,-1.00862,-0.87607,-0.73172,-0.39921,0.00328,0.34764,0.81774,1.0238,1.06927,1.13121,0.87374,0
17520,-0.36643,-0.25266,0.05574,0.13575,0.42823,0.57465,0.70826,0.58166,0.55769,0.29132,-0.09285,-0.35934,-0.56588,-0.84766,-0.92413,-0.76725,-0.5414,-0.25386,0.0798,0.52685,0.7417,1.03773,1.13092,0.95006,0.83312,0
17580,-0.37746,-0.13613,-0.0233,0.37807,0.44529,0.58756,0.71238,0.69039,0.50331,0.29289,-0.10932,-0.42333,-0.65233,-0.75886,-0.93462,-0.78531,-0.58197,-0.15775,0.14403,0.60324,0.96023,1.11338,1.17581,0.94661,0.67203,0
17640,-0.29561,-0.1221,3.33869,0.34717,0.49265,0.66672,0.63502,0.61622,0.33197,0.16568,-0.12749,-0.50151,-0.70603,-0.89269,-0.94346,-0.705,-0.3331,-0.2003,0.32709,0.65008,0.95148,1.09531,1.15903,0.84081,0.53722,1
17700,-0.20972,-0.08785,0.20156,0.29528,0.47361,0.70597,0.67889,0.49855,0.36165,0.11283,-0.30773,-0.53607,-0.82142,-0.95456,-0.79581,-0.64222,-0.28753,0.02135,0.45507,0.84914,0.95047,1.11231,1.13158,0.84252,0.50588,0
17760,-0.26643,-0.00811,0.18295,0.35845,0.63514,0.56305,0.62115,0.46403,0.27707,-0.02643,-0.32584,-0.54743,-0.80132,-0.91298,-0.87047,-0.64153,-0.24955,0.10351,0.50976,0.83649,1.13788,1.16961,1.05886,0.65993,0.30672,0
17820,-0.19812,-0.02051,0.20935,0.47844,0.5896,0.67487,0.62785,0.37489,0.19856,-0.08759,-0.41585,-0.70267,-0.84158,-0.88326,-0.78068,-0.481,-0.15752,0.27447,0.63766,0.86342,1.06987,1.10533,0.89575,0.56516,0.1306,0
17880,-0.16659,0.08055,0.26141,0.48056,0.60082,0.61028,0.5769,0.37194,0.22075,-0.18695,-0.47494,-0.7111,-0.85213,-0.82343,-0.78461,-0.33286,-0.04184,0.3836,0.73001,0.91592,1.02896,1.12425,0.87566,0.51832,0.0013,0
17940,-0.13494,0.0719,0.31697,0.55691,0.62084,0.63959,0.50535,0.31425,0.02985,-0.27309,-0.53929,-0.72454,-0.88195,-0.85938,-0.66284,-0.36986,0.05055,0.37062,0.76123,0.94342,1.17787,1.01702,0.8021,0.27582,-0.12049,0
18000,-0.01605,0.1746,0.46475,0.46297,0.69298,0.59462,0.43285,0.27613,0.03234,-0.39351,-0.73313,-0.79921,-0.87287,-0.67669,-0.56856,-0.3222,0.13309,0.49601,0.76633,1.03337,1.08044,1.04929,0.68971,0.29136,-0.18687,0
18060,0.05309,0.27661,0.47845,0.61393,0.62886,0.60588,0.38125,0.1379,-0.14328,-0.55875,-0.75288,-0.7767,-0.81509,-0.70573,-0.49973,-0.18248,0.22877,0.53811,0.91901,0.98117,1.07629,0.97961,0.55776,0.17087,-0.23173,0
18120,0.14119,0.3279,0.40087,0.59983,0.70243,0.49034,0.34074,0.08103,-0.20915,-0.60062,-0.69443,-0.67846,-0.77236,-0.65842,-0.42952,-0.04089,0.37006,0.68019,0.90647,1.01629,1.02878,0.79329,0.47421,0.03525,-0.40811,0
18180,0.13305,0.40906,0.53547,0.5823,0.62099,0.43496,0.32687,0.00517,-0.30992,-0.49825,-0.79803,-0.79799,-0.81812,-0.60711,-0.27691,0.01299,0.41335,0.69332,1.07482,1.12242,0.96631,0.7961,0.32517,-0.11636,-0.60472,0
18240,0.23253,0.33416,0.50389,0.54976,0.62741,0.46716,0.32057,0.0446,-0.33732,-0.59809,-0.81384,-0.8681,-0.72277,-0.61364,-0.18974,0.09651,0.52879,0.83222,1.00988,1.17277,0.82571,0.72581,0.3189,-0.18514,-0.61061,0
18300,0.26112,0.34012,0.49736,0.64711,0.49596,0.34067,0.19319,-0.11102,-0.44022,-0.62305,-0.89747,-0.79582,-0.75474,-0.41256,-0.07335,0.23927,0.62639,0.92587,1.05769,1.02166,0.86353,0.60862,0.10168,-0.37564,-0.7685,0
18360,0.30862,0.39543,0.60631,0.59074,0.48743,0.40541,0.02209,-0.17418,-0.42362,-0.70259,-0.85221,-0.891,-0.67046,-0.46077,-0.09234,0.32316,0.55092,0.93627,1.02206,0.91568,0.747,0.4519,-0.04051,-0.44639,-0.7978,0
18420,0.36491,0.48125,0.53706,0.55289,0.45617,0.2068,-0.02992,-0.2503,-0.55468,-0.70216,-0.78938,-0.7329,-0.64518,-0.30028,0.09564,0.45441,0.74396,0.991,1.0367,0.85854,0.75261,0.45828,-0.08804,-0.61804,-0.94135,0
18480,0.35907,0.51944,0.56892,0.53975,0.41409,0.23041,-0.05851,-0.42217,-0.57004,-0.70189,-0.79137,-0.647,-0.53787,-0.21268,0.12746,0.5217,0.88569,0.94346,1.06515,0.93099,0.59999,0.12634,-0.23777,-0.72051,-1.06268,0
18540,0.38049,0.55253,0.55486,0.54342,0.29444,0.16948,-0.03531,-0.41711,-0.62168,-0.7626,-0.74409,-0.70745,-0.38448,-0.22263,0.26116,0.58604,0.73401,0.98024,0.99736,0.78846,0.43752,0.11554,-0.32123,-0.82649,-1.09901,0
18600,0.42967,0.56715,0.52301,0.39229,0.21845,0.14136,-0.22008,-0.47639,-0.69416,-0.84995,-0.74763,-0.60321,-0.4077,0.07849,0.28305,0.58478,0.91098,1.0028,0.93877,0.69944,0.45079,-0.04925,-0.57366,-0.80957,-1.20821,0
18660,0.5143,0.54154,0.60052,0.46814,0.38314,-0.01014,-0.37542,-0.49236,-0.63735,-0.78538,-0.76009,-0.56372,-0.22212,0.16655,0.40831,0.70289,0.9478,1.00465,0.95382,0.64767,0.26627,-0.11617,-0.5978,-1.02455,-1.11288,0
18720,0.45317,0.59071,0.46214,0.28428,0.17879,-0.09231,-0.30407,-0.66352,-0.76806,-0.71989,-0.66629,-0.41704,-0.23726,0.14222,0.42719,0.81395,0.83396,0.9557,0.87085,0.57336,0.22548,-0.22478,-0.65578,-1.04834,-1.22592,0
18780,0.46565,0.50887,0.44619,0.36853,0.1076,-0.18469,-0.42236,-0.6223,-0.77163,-0.71233,-0.62545,-0.50229,-0.08074,0.23391,0.5427,0.77978,0.98113,0.96688,0.8166,0.44344,0.08666,-0.41158,-0.76459,-1.00553,-1.19476,0
18840,0.52989,0.56177,0.35384,0.31301,0.05618,-0.2836,-0.45181,-0.65469,-0.64326,-0.78546,-0.61499,-0.32737,0.02584,0.34953,0.64527,0.89005,0.95318,0.90533,0.62054,0.40835,-0.05971,-0.49278,-0.97761,-1.10993,-1.31423,0
18900,0.47211,0.57568,0.41525,0.19839,0.03134,-0.26375,-0.55146,-0.64246,-0.76759,-0.64988,-0.45044,-0.21996,0.05238,0.52789,0.69447,0.8521,1.00951,0.90346,0.65839,0.17198,-0.04997,-0.54785,-0.96517,-1.09132,-1.2491,0
18960,0.4721,0.49131,0.32538,0.16619,-0.11387,-0.35837,-0.58527,-0.67583,-0.74839,-0.62923,-0.55318,-0.27282,0.26411,0.48387,0.7429,0.97888,0.9723,0.70229,0.56262,0.20367,-0.23247,-0.71267,-0.96134,-1.13379,-1.10816,0
19020,0.52597,0.46871,0.27622,0.15846,-0.10786,-0.3144,-0.5611,-0.85555,-0.72396,-0.6236,-0.47554,-0.06441,0.19953,0.61908,0.81149,0.95,0.94727,0.77221,0.3783,-0.03722,-0.37239,-0.70909,-1.00442,-1.1944,-1.13857,0
19080,0.45462,0.23381,0.39582,0.02108,-0.24898,-0.40859,-0.58742,-0.7322,-0.78621,-0.60098,-0.32213,-0.01377,0.28865,0.67552,0.77834,0.93169,0.88697,0.71329,0.29353,-0.03392,-0.55445,-0.85574,-1.13858,-1.19882,-1.09777,0
19140,0.45503,0.35715,0.15196,-0.01422,-0.20516,-0.47158,-0.65721,-0.72543,-0.66085,-0.40866,-0.20921,0.1013,0.37807,0.8249,0.95304,1.06235,0.82211,0.56753,0.35794,-0.14111,-0.55445,-0.95235,-1.16232,-1.17349,-1.0542,0
19200,0.43561,0.38781,0.13565,-0.16594,-0.33062,-0.53767,-0.67681,-0.67137,-0.61185,-0.4061,-0.1775,0.21615,0.54084,0.72047,0.88633,0.91582,0.73391,0.47395,0.12324,-0.30259,-0.70689,-1.1068,-1.12127,-1.19013,-1.04029,0
19260,0.42469,0.34113,0.07091,-0.07998,-0.42721,-0.62897,-0.74218,-0.70913,-0.60212,-0.36049,-0.04822,0.21861,0.57591,0.75207,0.95536,0.88553,0.71253,0.47813,0.00609,-0.43802,-0.77949,-1.02339,-1.08696,-1.14125,-0.79265,0
19320,0.4427,0.3385,0.10162,-0.1877,-0.30688,-0.59126,-0.70511,-0.75695,-0.53699,-0.36205,-0.0315,0.37715,0.65533,0.79941,0.90103,0.85247,0.66953,0.36039,-0.06915,-0.49284,-0.87871,-1.05628,-1.22384,-1.02431,-0.81191,0
19380,0.27973,0.21173,-0.0418,-0.18955,-0.48943,-0.69148,-0.63643,-0.57381,-0.4744,-0.09754,0.0692,0.37938,0.69996,0.78916,0.86085,0.8348,0.52305,0.23418,-0.23037,-0.58172,-0.85789,-1.12808,-1.15612,-1.08458,-0.63634,0
19440,0.36431,0.09056,-0.01507,-0.27924,-0.57064,-0.60433,-0.64916,-0.5312,-0.36296,-0.09483,0.20324,0.57119,0.69841,1.00267,0.89742,0.69953,0.37561,0.1508,-0.25153,-0.70964,-1.04351,-1.15145,-1.10717,-0.8641,-0.53122,0
19500,0.30254,0.06775,-0.19776,-0.37918,-0.47225,-0.64978,-0.48322,-0.63071,-0.26055,-0.0759,0.31551,0.57082,0.83606,0.99,0.86903,0.57817,0.4095,0.04944,-0.36725,-0.72781,-0.96699,-1.11133,-0.99468,-0.69366,-0.45605,0
19560,0.26753,0.06844,-0.28791,-0.42971,-0.51789,-0.65027,-0.62022,-0.52334,-0.29772,0.13228,0.28694,0.67601,0.79796,3.37475,0.74812,0.68929,0.23082,-0.09367,-0.4948,-0.87758,-1.04893,-1.08462,-0.9736,-0.72289,-0.34428,1
19620,0.04934,-0.06488,-0.35508,-0.39812,-0.50943,-0.64199,-0.59183,-0.37653,-0.22072,0.1445,0.46253,0.63349,0.81962,1.02625,0.74295,0.4896,0.24504,-0.13944,-0.48588,-0.89812,-1.09062,-5.01994,-0.94187,-0.58459,-0.2084,1
19680,0.1253,0.03772,-0.34756,-0.4509,-0.57061,-0.71,-0.55142,-0.31368,-0.05148,0.1993,0.43388,0.70717,0.77227,0.86793,0.69282,3.09933,0.06733,-0.27334,-0.64313,-0.88148,-1.09128,-0.97748,-0.82907,-0.56157,-0.0129,1
19740,0.09822,-0.12798,-0.41848,-0.57898,-0.60254,-0.57861,-0.47988,-0.2806,-0.05673,0.19611,0.49632,0.78324,0.86463,0.80272,0.64375,0.29114,0.02507,-0.3135,-0.77432,-1.02245,-1.06224,-0.98697,-0.77801,-0.35275,0.09167,0
19800,0.0075,-0.17419,-0.43855,-0.62655,-0.63186,-0.55591,-0.46373,-0.25375,0.05117,0.32614,0.61265,0.82644,0.88701,0.86012,0.55313,0.26747,-0.00806,-0.49837,-0.82393,-1.05918,-1.12555,-0.97462,-0.63896,-0.30688,0.17974,0
19860,-0.0973,-0.25382,-0.38347,-0.5213,-0.64952,-0.63781,-0.37208,-0.13208,0.15053,0.33443,0.59902,0.77606,0.84711,0.77845,0.48457,0.15785,-0.16003,-0.54444,-0.89864,-1.06675,-0.96386,-0.91959,-0.56298,-0.17237,0.31561,0
19920,-0.09634,-0.33443,-0.50286,-0.66582,-0.58877,-0.55013,-0.35107,-0.05742,0.23329,0.45168,0.59858,0.83129,0.72577,0.63949,0.40263,0.02304,-0.26151,-0.63111,-0.90292,-1.12949,-1.02467,-0.73806,-0.4941,0.0017,0.4925,0
19980,-0.1853,-0.22612,-0.37826,-0.53909,-0.55012,-0.39315,-0.34351,-0.01755,0.24969,0.53577,0.68224,0.85274,0.74557,0.59991,0.30524,-0.05066,-0.34429,-0.7445,-0.98611,-1.07171,-0.93154,-0.7631,-0.43437,0.10431,0.56807,0
20040,-0.1057,-0.39002,-0.50067,-0.57925,-0.49787,-0.44849,-0.14668,0.09251,0.32557,0.66032,0.84117,0.95791,0.79652,0.58295,0.23809,-0.07463,-0.452,-0.90303,-1.1105,-1.11011,-0.82117,-0.61433,-0.26324,0.30093,0.76249,0
20100,-0.18018,-0.42931,-0.49621,-0.58006,-0.53261,-0.41681,-0.1474,0.13738,0.35144,0.55631,0.84714,0.78682,0.69123,0.39725,0.18254,-0.23911,-0.63335,-0.91976,-1.01648,-0.97936,-0.87766,-0.51276,-0.18491,0.27837,0.74181,0
20160,-0.26071,-0.47983,-0.54289,2.13942,-0.48304,-0.40814,-0.05366,0.22987,0.52722,0.7111,0.78618,0.78031,0.69107,0.46029,-0.01043,-0.33377,-0.6943,-0.88718,-0.9983,-1.06502,-0.7663,-0.50202,0.05026,0.52147,0.94146,1
20220,-0.3282,-3.56404,-0.503,-0.65388,-0.39061,-0.19494,-0.01889,0.38827,0.45457,0.66331,0.88824,0.76287,0.49722,0.28101,-0.03317,-0.42992,-0.68203,-0.89363,-0.96505,-1.00707,-0.72181,-0.27159,0.12777,0.64169,0.95504,1
20280,-0.30932,-0.4175,-0.49609,-0.52896,-3.25724,-0.18871,0.10068,0.30291,0.60868,0.71525,0.90356,0.68755,0.44752,0.19266,-0.2467,-0.6531,-0.79188,-0.96653,-0.8989,-0.89675,-0.58975,-0.23384,0.28608,0.70335,1.02547,1
20340,-0.42058,-0.489,-0.64605,-0.44833,-0.37655,-0.19319,0.11217,0.50071,0.61527,0.8172,0.75219,0.6994,0.51734,0.07542,-0.21184,-0.67844,-0.76867,-1.01565,-0.97991,-0.80374,-0.59451,-0.06355,0.45315,0.76901,1.13691,0
20400,-0.39855,-0.49881,-0.5039,-0.40068,-0.23284,-0.09635,0.25125,0.32708,0.67712,0.71127,0.71313,0.69339,0.45483,0.07533,-0.35079,-0.71647,-0.91901,-1.07189,-0.95775,-0.74806,-0.38481,0.01196,0.41587,0.88721,1.05667,0
20460,-0.41634,-0.50521,-0.49161,-0.32565,-0.27231,0.04983,0.28739,0.53238,0.7326,0.74439,0.7747,0.48382,0.31528,-0.01848,-0.3833,-0.77978,-0.88814,-1.02702,-0.905,-0.63227,-0.29691,0.11832,0.57427,0.9257,1.17578,0
20520,-0.55227,-0.50573,-0.48731,-0.42285,-0.20221,0.05024,0.31862,0.57939,0.73793,0.76225,0.69233,0.51198,0.14786,-0.14815,-0.55519,-0.7465,-0.91378,-0.93587,-0.87462,-0.58503,-0.23745,0.25466,0.67871,1.03479,1.21956,0
20580,-0.51357,-0.5392,-0.43832,-0.28097,-0.21908,0.19788,0.31937,0.62724,0.72828,0.81132,0.62498,0.44743,0.1407,-0.26102,-0.53639,-0.81045,-0.89723,-0.98761,-0.80423,-0.46836,-0.1422,0.43142,0.84662,1.06932,1.28721,0
20640,-0.46146,-0.53631,-0.47174,-0.28236,-0.03533,0.17091,0.48863,0.63752,0.7625,0.66585,0.64931,0.31732,0.04651,-0.32014,-0.62866,-0.87766,-0.97271,-0.89826,-0.73283,-0.34126,0.15523,0.48392,0.88583,1.11228,1.21051,0
20700,-0.51561,-0.48657,-0.35436,-0.19005,0.10094,0.26032,0.55835,0.65388,0.71912,0.73624,0.50666,0.27581,-0.09569,-0.45691,-0.66642,-0.94798,-1.05968,-0.87927,-0.54451,-0.25563,0.06033,0.60134,0.9697,1.16697,1.19297,0
20760,-0.51571,-0.42921,-0.35663,-0.13894,0.15666,0.38121,0.60831,0.74913,0.72774,0.71952,0.45344,0.08649,-0.17686,-0.52197,-0.76173,-0.95265,-0.88845,-0.80783,-0.54819,-0.17669,0.19922,0.69618,1.17671,1.08287,1.09417,0
20820,-0.46645,-0.43538,-0.21323,-0.0868,0.10982,0.48105,0.61712,0.60229,0.65854,0.60495,0.40584,0.12194,-0.1921,-0.54412,-0.83029,-0.93212,-0.9419,-0.80902,-0.30923,-0.05969,0.38728,0.72092,1.16672,1.13549,1.18781,0
20880,-0.48577,-0.41219,-0.19699,-0.08857,0.15713,0.38406,0.6406,0.67899,0.65863,0.5961,0.33609,-0.09892,-0.3047,-0.6248,-0.85888,-0.93258,-0.89281,-0.66133,-0.4217,0.03747,0.47772,0.8948,1.13431,1.09656,1.03498,0
20940,-0.40447,-0.41487,-0.22577,0.07406,0.17851,0.4673,0.6693,0.72784,0.75571,0.57192,0.18896,-0.05609,-0.43207,-0.69015,-0.92541,-0.88434,-0.82359,-0.51923,-0.20081,0.21187,0.47192,0.89481,1.15665,1.1951,0.87593,0
21000,-0.4947,-0.23555,-0.10229,0.1239,0.1912,0.53763,0.69747,0.7817,0.63028,0.3939,0.16788,-0.16162,-0.4688,-0.75734,-0.8879,-0.88423,-0.82485,-0.54131,-0.11844,0.30997,0.6629,1.09118,1.18923,1.02143,0.98985,0
21060,-0.36665,-0.16049,-0.14103,0.1574,0.40632,0.43937,0.57385,0.72372,0.48815,0.31856,-0.03105,-0.29742,-0.539,-0.72357,-0.94323,-0.90721,-0.76817,-0.49693,-0.03585,0.29831,0.76827,1.03395,1.25273,1.02387,0.80327,0
21120,-0.37142,-0.24263,-0.05581,0.18326,0.28135,0.68897,0.64558,0.60886,0.46676,0.27313,-0.02296,-0.3398,-0.66139,-0.86449,-1.0003,-0.88359,-0.66757,-0.31047,0.11367,0.43991,0.73456,1.04964,1.18782,1.02585,0.791,0
21180,-0.29292,-0.13176,0.08917,0.26529,0.41669,0.69555,0.55613,0.68509,0.40357,0.30681,-0.14675,-0.40391,-0.71518,-3.86584,-0.94671,-0.79156,-0.60702,-0.28034,0.13827,0.53168,1.01639,1.06895,1.15117,0.98585,0.65708,1
21240,-0.31239,-0.11872,-0.01879,0.36311,0.54378,0.62592,0.66003,0.57267,0.44988,0.13954,-0.12819,-0.51325,-0.7149,-0.90651,-0.88435,-0.64243,-0.50208,-0.19152,0.34409,0.65634,0.89575,1.17457,1.10426,0.90311,0.57435,0
21300,-0.25869,0.02974,0.1673,0.31965,0.55145,0.7543,0.64089,0.54499,0.35959,0.08994,-0.22519,-0.64106,-0.8161,-0.91596,-0.70774,-0.72584,-0.38083,0.1277,0.42384,0.82978,1.0651,1.05055,1.03485,0.79739,0.32629,0
21360,-0.30732,0.03973,0.17412,0.39425,0.5823,0.66868,0.56736,0.43001,0.19663,0.00834,-0.399,-0.62187,-0.74993,-0.85588,-0.83146,-0.56882,-0.26188,0.05251,0.44815,0.914,1.07294,1.13866,0.99284,0.65328,0.34978,0
21420,-0.22219,0.0657,0.23824,0.48572,0.62863,0.62059,0.5552,0.42465,0.20367,-0.19693,-0.40485,-0.74512,-0.85629,-0.76118,-0.82248,-0.58552,-0.21266,0.19211,0.5244,0.919,1.11635,1.12515,0.95344,0.59717,0.12164,0
21480,-0.10224,0.05543,0.34864,0.5128,0.61265,0.65364,0.54848,0.35313,0.06655,-0.23225,-0.3828,-0.70821,-0.883,-0.82448,-0.71443,-0.51158,-0.11867,0.43942,0.70263,1.01461,1.09553,1.01917,0.81801,0.54542,0.11075,0
21540,-0.04796,0.1657,0.41798,0.53318,0.67605,0.69818,0.53547,0.32956,0.01777,-0.23557,-0.56399,-0.87623,-0.8662,-0.76859,-0.60786,-0.37275,-0.02773,0.39126,0.75299,0.94341,1.04869,1.01773,0.78393,0.41391,-0.12619,0
21600,-0.09641,0.15465,0.443,0.55436,0.57676,0.62496,0.34007,0.1346,-0.03529,-0.41431,-0.56722,-0.76174,-0.92063,-0.82765,-0.61382,-0.30959,0.0944,0.48681,0.81192,1.04218,1.09967,0.89938,0.67376,0.23999,-0.12254,0
21660,0.09775,0.24616,0.47124,0.57513,0.57544,0.63892,0.39222,0.18175,-0.14679,-0.45127,-0.65208,-0.83727,-0.84724,-0.73165,-0.52961,-0.11942,0.24534,0.48539,0.84133,1.03946,1.0165,0.86254,0.60865,0.16684,-0.41781,0
21720,0.03894,0.39755,0.52191,0.50828,0.64209,0.50374,0.38502,0.12294,-0.11068,-0.62903,-0.69964,-0.84826,-0.81011,-0.66125,-0.38059,-0.11857,0.35808,0.65503,1.00902,1.16086,0.91442,0.85735,0.4465,0.0459,-0.50038,0
21780,0.1668,0.34018,0.49097,0.57408,0.65826,0.5292,0.27518,-0.02003,-0.26819,-0.58799,-0.77804,-0.84505,-0.82957,-0.65136,-0.35002,-0.02255,0.48533,0.63961,1.0155,1.1015,0.97658,0.72887,0.36146,-0.10408,-0.53863,0
21840,0.23046,0.35902,0.53769,0.62828,0.65934,0.35657,0.29489,0.06154,-0.34757,-0.56595,-0.79438,-0.82002,-0.77568,-0.53003,-0.24678,0.09559,0.56072,0.82823,0.97475,1.06855,0.95299,0.61834,0.24351,-0.17547,-0.7467,0
21900,0.30045,0.41182,0.51884,0.59151,0.46297,0.36528,0.07467,-0.24462,-0.44215,-0.56746,-0.77987,-0.77287,-0.71025,-0.45253,-0.24096,0.1897,0.54167,0.80255,1.03669,1.05073,0.87982,0.53981,0.15194,-0.34745,-0.77138,0
21960,0.26457,0.47107,0.6189,0.47316,0.47365,0.32202,0.03373,-0.22852,-0.46093,-0.79228,-0.80031,-0.77966,-0.60223,-0.29165,-0.06615,0.2347,0.65716,0.9352,1.07697,1.01789,0.82313,0.48579,-0.05686,-0.40581,-0.79653,0
22020,0.34084,0.58579,0.56424,0.56282,0.41958,0.21154,-0.00536,-0.15706,-0.48052,-0.68848,-0.7653,-0.70973,-0.60281,-0.30612,0.04264,0.43555,0.6879,0.8932,0.99987,0.96905,0.64669,0.36355,-0.18266,-0.5899,-1.031,0
22080,0.40222,0.53492,0.54977,0.53957,0.40565,0.1926,-0.04693,-0.30915,-0.55664,-0.79889,-0.8481,-0.73605,-0.50281,-0.22662,0.0393,0.49636,0.83346,0.99677,0.97743,0.87687,0.67471,0.20785,-0.26733,-0.76224,-1.03664,0
22140,0.36741,0.61863,0.55488,0.53958,0.37881,0.14218,-0.11333,-0.41769,-0.5665,-0.75438,-0.79467,-0.64362,-0.44442,-0.10488,0.19375,0.49353,0.74483,0.93015,0.94686,0.79737,0.51058,0.11696,-0.3352,-0.84135,-1.0021,0
22200,0.4273,0.53993,0.56318,0.49551,0.3179,0.05651,-0.25928,-0.47485,-0.81208,-0.77103,-0.69791,-0.62126,-0.35696,-0.07932,0.39043,0.7242,0.8456,1.07709,0.87626,0.7305,0.3917,-0.05702,-0.54979,-0.73453,-1.1287,0
22260,0.44187,0.50663,0.48239,0.41948,0.22793,-0.14108,-0.32367,-0.45058,-0.64944,-0.65263,-0.80744,-0.65358,-0.22571,0.00856,0.45964,0.69302,0.99472,0.98932,0.90647,0.74189,0.3344,-0.1755,-0.72225,-0.87254,-1.18924,0
22320,0.48902,0.48998,0.55255,0.32291,0.19666,0.01227,-0.35257,-0.5943,-0.58768,-0.83806,-0.6839,-0.51457,-0.18718,0.22199,0.4846,0.76368,0.92446,0.96798,0.94388,0.59012,0.1855,-0.27347,-0.61954,-0.98097,-1.19423,0
22380,0.48812,0.51889,0.46473,0.36988,0.09061,-0.04488,-0.43839,-0.67866,-0.71966,-0.72872,-0.65884,-0.24929,-0.08272,0.30704,0.6079,0.85411,0.92967,0.97051,0.81739,0.4124,-0.04568,-0.31215,-0.74749,-1.05707,-1.23314,0
22440,0.53811,0.48801,0.39022,0.20324,0.01101,-0.19881,-0.42501,-0.68033,-0.75336,-0.6668,-0.55021,-0.37973,-0.06005,0.25984,0.7207,0.85422,0.99048,-3.03002,0.73097,0.44807,-0.07683,-0.53442,-0.85436,-1.17109,-1.19236,1
22500,0.42619,0.52819,0.35836,0.18569,-0.01534,-0.21065,-0.4578,-0.62409,-0.77692,-0.70719,-0.52124,-0.30499,0.07077,0.42011,0.74955,0.81679,0.95713,0.88223,0.72129,0.30056,-0.18655,-0.62321,-0.90696,-1.13626,-1.24587,0
22560,0.50247,0.45943,0.27126,0.15404,-0.09925,-0.32302,-0.5199,-0.69369,-0.78854,-0.63869,-0.38276,-0.14578,0.13052,0.44073,0.90985,0.99246,0.95838,0.81171,0.52012,0.22716,-0.27292,-0.66817,-0.99108,-1.16539,-1.11817,0
22620,0.4732,0.44043,0.33482,0.13006,-0.05447,-0.39752,-0.55169,-0.75655,-0.68069,-0.67265,-0.34167,-0.13887,0.18695,0.60066,0.85547,1.03215,0.9115,0.72957,0.44395,-0.01516,-0.42374,-0.76858,-1.12399,-1.29969,-1.205,0
22680,0.47881,0.3928,0.22437,-0.01218,-0.1825,-0.38549,-0.60916,-0.71658,-0.69216,-0.57484,-0.24218,0.05594,0.29307,0.74465,0.88691,1.00418,0.87738,0.67412,0.30697,-0.01761,-0.4939,-0.82,-1.15103,-1.23078,-1.01315,0
22740,0.5242,0.39007,0.14544,0.03556,-0.31077,-0.42041,-0.63567,-0.7472,-0.65394,-0.53456,-0.31896,0.15704,0.38744,0.66231,0.81586,0.95422,0.74102,0.54654,0.25196,-0.23591,-0.55845,-0.8967,-1.09107,-3.64391,-1.04857,1
22800,0.3988,0.28971,0.08635,-0.1088,-0.36548,-0.51983,-0.57854,-0.62094,-0.66242,-0.34632,-0.08672,0.16727,0.44475,0.86571,0.88945,0.95781,0.80022,0.59188,0.15461,-0.3302,-0.66536,-0.99933,-1.16305,-1.12631,-0.91283,0
22860,0.4522,0.32651,0.04857,-0.16173,-0.45416,-0.56203,-0.66302,-0.59967,-0.62839,-0.33367,-0.0619,0.23734,0.68975,0.81874,0.92931,0.90137,0.72355,0.42101,0.03658,-0.4553,-0.73909,-1.07668,-1.21185,-1.209,-0.85521,0
22920,0.31086,0.24942,0.11156,-0.25603,-0.42839,-0.51732,-0.73769,-0.63917,-0.57104,-0.35689,-0.05565,0.31528,0.61819,0.81307,0.91636,0.83923,0.64702,0.30828,-0.08482,-0.47528,-0.88444,-1.05879,-1.19708,-1.10322,-0.67142,0
22980,0.31992,0.23333,-0.03421,-0.2053,-0.50578,-0.64806,-0.72302,-0.667,-0.4108,-0.25038,0.23364,0.36037,0.67969,0.85282,0.87958,0.82347,0.57974,0.20537,-0.16393,-0.50143,-0.95621,-1.03646,-1.11851,-0.98274,-0.73622,0
23040,0.29756,0.04683,-0.15617,-0.30294,-0.55511,-0.59032,-0.64401,-0.59337,-0.51413,-0.0868,0.14539,0.54412,0.79556,0.9277,0.92488,0.7581,0.52557,0.02604,-0.28365,-0.6542,-0.99971,-1.11568,-1.10679,-0.88989,-0.56644,0
23100,0.19491,0.11748,-0.09583,-0.36283,-0.58269,-0.61542,-0.59361,-0.48542,-0.35555,-0.05775,0.31387,0.60316,0.81782,0.8629,0.79795,0.7792,0.38938,0.02876,-0.34697,-0.75924,-1.02105,-1.2205,-1.07295,-0.81319,-0.384,0
23160,0.10707,0.026,-0.20232,-0.45316,-0.55818,-0.67659,-0.56108,-0.35276,-0.37342,0.06497,0.37706,0.57769,0.75212,0.9926,0.87527,0.6349,0.36671,-0.05733,-0.59511,-0.8026,-1.10129,-1.13643,-0.95732,-0.80974,-0.32633,0
23220,0.18879,-0.07273,-0.28418,-0.46296,-0.62434,-0.60346,-0.53684,-0.45056,-0.09007,0.16285,0.44718,0.62142,0.81656,0.93635,0.83043,0.59032,0.19534,-0.21642,-0.58447,-0.84828,-1.07347,-1.22294,-0.84176,-0.59805,-0.17743,0
23280,0.17002,-0.08326,-0.31564,-0.46338,-0.64892,-0.58561,-0.54773,-0.4052,-0.09906,0.13641,0.53399,0.64758,0.83873,0.93899,0.733,0.55061,0.04847,-0.30431,-0.72108,-0.93874,-1.1322,-1.06587,-0.89422,-0.42139,-0.02799,0
23340,0.11034,-0.21949,-0.28347,-0.56079,-0.59583,-0.67547,-0.39826,-0.34062,-0.06996,0.41575,0.49621,0.74746,0.84342,0.74155,0.64411,0.4861,-0.16522,-0.37261,-0.74669,-0.89304,-1.11358,-0.9474,-0.80114,-0.20375,0.09154,0
23400,-0.0415,-0.16753,-0.3921,-0.55437,-0.58203,-0.64021,-0.52978,-0.19516,0.04651,0.29019,0.52492,0.821,0.81241,0.79291,0.58149,0.31131,-0.10336,-0.5404,-0.87397,-1.09094,-1.05254,-0.87212,-0.62741,-0.3826,0.17336,0
23460,-0.05668,-0.1685,-0.4438,-0.5109,-0.61007,-0.52888,-0.35397,-0.21947,0.1281,0.48353,0.68065,0.86661,0.80349,0.75439,0.46904,0.1568,-0.06711,-0.63452,-0.87812,-1.0595,-1.01095,-0.97956,-0.59108,-0.14633,0.33939,0
23520,-0.08003,-0.28817,-0.46095,-0.56383,-0.54013,-0.48583,-0.41146,-0.04605,0.21871,0.47455,0.71187,0.78862,0.79291,0.78779,0.4031,-0.01435,-0.22944,-0.67415,-0.92682,-1.09699,-1.00071,-0.7833,-0.41394,0.00882,0.47913,0
23580,-0.17208,-0.42755,-0.48614,-0.6663,-0.53845,-0.49651,-0.34538,-0.05579,0.31917,0.60607,0.66366,0.72956,0.94231,0.57883,0.17142,-0.09933,-0.46498,-0.8054,-1.00519,-1.07423,-0.92095,-0.79896,-0.41192,0.0605,0.5302,0
23640,-0.20893,-0.48503,-0.57577,-0.63182,-0.47995,-0.39406,-0.22077,0.00175,0.46295,0.57314,0.71496,0.87484,0.73851,0.60494,0.27112,-0.08645,-0.47831,-0.84906,-1.00779,-1.04732,-0.9643,-0.57448,-0.36696,0.263,0.66605,0
23700,-0.28398,-0.4886,-0.61322,-0.638,-0.54129,-0.35559,-0.19683,0.16076,0.44157,0.68722,0.81021,0.78903,0.72775,0.52221,0.17221,-0.18108,-0.57791,-0.94969,-1.05383,-1.027,-0.79785,-0.6122,-0.08729,0.35486,0.83877,0
23760,-0.26726,-0.49387,-0.52046,-0.51676,-0.43527,-0.31693,-0.03525,0.15239,0.54894,0.64606,0.85577,0.85129,0.699,0.49172,0.10077,-0.21691,-0.69852,-0.9758,-1.09984,-1.07331,-0.75327,-0.46142,-0.07324,0.45631,0.81236,0
23820,-0.36325,-0.48171,-0.49263,-0.54843,-0.47373,-0.30704,-0.01917,0.29906,0.51946,0.67539,0.80507,0.72167,0.57058,0.30596,-0.1065,-0.41986,-0.85072,-0.96436,-1.04757,-0.90153,-0.69599,-0.44875,0.24162,0.61049,1.02178,0
23880,-0.42615,-0.51905,-0.45748,-0.54501,-0.35877,-0.17363,0.10083,0.30255,0.58088,0.79859,0.89717,0.71402,0.58546,0.24477,-0.11919,-0.50427,-0.77765,-1.04292,-1.04168,-0.85983,-0.55032,-0.10817,0.27119,0.6526,1.02729,0
23940,-0.38341,-0.55939,-0.57592,-0.37707,-0.39819,-0.1044,0.17428,0.44059,0.6921,0.71981,0.801,0.65833,0.48734,0.08734,-0.2127,-0.56785,-0.86779,-0.93059,-0.90857,-0.84403,-0.51147,-0.12834,0.38843,0.79576,1.06882,0
24000,-0.38576,-0.53518,-0.55606,-0.50022,-0.39182,-0.03893,0.21008,0.44354,0.60307,0.79174,0.81506,0.65252,0.30342,0.09872,-0.34959,-0.65553,-0.83362,-0.9855,-0.98601,-0.7318,-0.35244,-0.0067,0.47869,0.84545,1.14726,0
24060,-0.40563,-0.49803,-0.52562,-0.4532,-0.28874,0.03001,0.21102,0.46379,0.76649,0.78782,0.67053,0.50814,0.28415,-0.01503,-0.53757,-0.74897,-0.86664,-1.07169,-0.8612,-0.71934,-0.36681,0.14761,0.53241,0.91578,1.17407,0
24120,-0.4418,-0.46033,-0.5465,-0.42089,-0.14794,0.07547,0.38753,0.6187,0.82783,0.73739,0.6453,0.46568,0.20881,-0.08292,-0.56371,-0.74098,-1.0121,-0.99399,-0.86798,-0.57964,-0.14951,0.29006,0.64385,0.98048,1.1914,0
24180,-0.56627,-0.47225,-0.4998,-0.30585,-0.05686,0.1611,0.40876,0.67467,0.78383,0.76166,0.65567,0.51416,0.01978,-0.2639,-0.47615,-0.75312,-0.99599,-0.97952,-0.90917,-0.50859,-0.02132,0.37965,0.7878,1.03537,1.16803,0
24240,-0.42918,-0.47432,-0.41955,-0.41167,-0.07886,0.23362,0.408,0.63214,0.69865,0.7479,0.62442,0.28197,0.04756,-0.33244,-0.64062,-0.83206,-1.04916,-0.98363,-0.7253,-0.37186,0.03121,0.48035,0.87563,-2.55171,1.16083,1
24300,-0.53642,-0.45303,-0.3476,-0.3068,0.03101,0.25528,0.4235,0.66677,0.73764,0.68047,0.52003,0.19269,-0.05568,-0.4279,-0.75587,-0.93837,-0.92482,-0.96442,-0.62128,-0.32021,0.15831,0.54442,0.91871,1.16591,1.26562,0
24360,-0.50984,-0.49595,-0.33084,-0.18875,0.10521,0.31408,0.62278,0.64113,0.72814,0.73166,0.4533,0.25202,-0.18985,-0.50899,-0.82383,-0.94482,-0.96133,-0.81388,-0.59689,-0.18288,0.27642,0.67417,1.0325,1.16712,1.15728,0
24420,-0.45771,-0.31943,-0.31554,-0.10638,0.06826,0.44199,0.49133,0.68979,0.71477,0.58718,0.33414,0.08743,-0.25737,-0.66598,-0.74426,-0.93004,-1.01071,-0.81402,-0.45114,-0.01361,0.3293,0.75262,0.93477,1.19001,1.13583,0
24480,-0.42013,-0.47771,-0.27462,-0.04537,0.09664,0.42196,0.62786,0.7155,0.69517,0.52617,0.30705,0.03131,-0.24082,-0.56089,-0.78988,-1.01965,-0.88827,-0.70802,-0.35088,0.10096,0.45154,0.88146,1.10594,1.26499,1.07467,0
24540,-0.46261,-0.31829,-0.14352,-0.01284,0.28947,0.52327,0.60913,0.62519,0.70329,0.47791,0.18669,-0.12272,-0.40623,-0.65734,-0.89144,-1.1081,-0.81579,-0.61231,-0.25459,0.12033,0.5759,0.95747,0.97998,1.19682,1.08865,0
24600,-0.43028,-0.27353,-0.10622,0.14779,0.3648,0.51437,0.65351,0.63039,0.53985,0.42288,0.15711,-0.15959,-0.45526,-0.70949,-0.93612,-0.92888,-0.83325,-0.49849,-0.25123,0.2186,0.65592,1.0107,1.21813,1.16513,0.95508,0
24660,-0.42848,-0.28375,-0.15075,0.14021,0.33037,0.61017,0.71686,0.62677,0.65222,0.34135,-0.01458,-0.33077,-0.56351,-0.79597,-0.91464,-0.85928,-0.65788,-0.44664,0.00859,0.43576,0.78929,1.04238,1.18665,1.0893,0.8654,0
24720,-0.42084,-0.25206,0.05877,0.21198,0.47804,0.60822,0.60259,0.59776,0.59555,0.2769,0.0019,-0.36629,-0.65049,-0.80035,-0.85761,-0.8603,-0.61955,-0.36845,0.10287,0.48037,0.81141,1.16032,1.22674,1.02151,0.72488,0
24780,-0.28181,-0.24095,0.00768,0.30886,0.39683,0.55168,0.70544,0.60881,0.38037,0.29148,-0.06703,-0.41722,-0.70815,-0.83809,-0.94727,-0.83062,-0.47209,-0.27568,0.18197,0.58962,0.90545,1.18172,1.10208,0.93418,0.72381,0
24840,-0.29598,-0.05897,0.1186,0.39733,0.52714,0.56992,0.6788,0.55599,0.40799,0.13017,-0.25466,-0.51151,-0.74393,-0.92821,-0.83889,-0.76877,-0.55583,-0.06914,0.38334,0.76207,1.02164,1.16576,1.13886,0.88581,0.49195,0
24900,-0.26681,0.03104,0.1069,0.30167,0.5087,0.71192,0.73474,0.47752,0.40313,0.17813,-0.27119,-0.60349,-0.70595,-0.88285,-0.92393,-0.64874,-0.35742,0.00548,0.40049,0.73432,1.0193,1.16033,1.12385,0.82864,0.39721,0
24960,-0.25091,0.05509,0.10869,0.39137,0.63296,0.69135,0.66132,0.5003,0.24282,-0.01098,-0.34952,-0.59017,-0.82888,-0.85048,-0.79819,-0.62056,-0.29874,0.10227,0.50305,0.80084,1.01697,1.20673,0.91902,0.68731,0.36497,0
25020,-0.09982,-0.01692,0.25828,0.41393,0.56514,0.67399,0.58011,0.49638,0.10577,-0.06183,-0.41898,-0.63936,-0.79961,-0.88168,-0.79328,-0.52617,-0.22132,0.24082,0.59803,0.84166,1.12099,1.03286,0.99461,0.71804,0.14394,0
25080,-0.1188,0.15368,0.30973,0.44743,0.54986,0.62335,0.59795,0.43382,0.09888,-0.19144,-0.52303,-0.75381,-0.85649,-0.84808,-0.67832,-0.39608,-0.11906,0.26701,0.63417,0.91391,1.10681,0.99912,0.83071,0.53653,0.0161,0
25140,-0.12023,0.23757,0.38955,0.57226,0.56228,0.70846,0.52733,0.34991,0.06704,-0.21301,-0.54678,-0.8126,-0.90975,-0.87043,-0.67985,-0.43548,-0.02499,0.41071,0.74347,0.93507,1.04873,1.02728,0.8845,0.41373,-0.07444,0
25200,0.11626,0.24743,0.43475,0.54194,0.68488,0.56609,0.44279,0.25905,-0.00662,-0.40419,-0.64965,-0.91143,-0.87525,-0.81122,-0.59212,-0.31107,0.0388,0.51959,0.83263,1.04302,1.06167,0.93719,0.71983,0.19417,-0.19471,0
25260,0.07242,0.29412,0.47975,0.65976,0.5405,0.59068,0.44045,0.21907,-0.11938,-0.41597,-0.64441,-0.79285,-0.89176,-0.7538,-0.4898,-0.11367,0.17556,0.62724,0.89211,1.16953,1.0323,0.92748,0.62285,0.12254,-0.35609,0
25320,0.14006,0.35034,0.42571,0.53724,0.59261,0.45794,0.22892,0.19619,-0.17833,-0.46089,-0.66799,-0.86386,-0.77742,-0.61479,-0.41905,-0.08608,0.32606,0.67807,0.99733,1.1097,1.04287,0.86368,0.49518,0.03044,-0.43195,0
25380,0.12861,0.2961,0.49401,0.71328,0.6054,0.52406,0.25831,0.01689,-0.25341,-0.5807,-0.74534,-0.9026,-0.86635,-0.56772,-0.31791,0.05166,0.33334,0.74264,1.05316,1.07336,0.96039,0.69116,0.4041,-0.08856,-0.57473,0
25440,0.17857,0.4366,0.49348,0.60459,0.48139,0.50442,0.1048,-0.03085,-0.31967,-0.66713,-0.72702,-0.81129,-0.76689,-0.42715,-0.23502,0.11834,0.46298,0.74432,1.00494,1.09259,0.89068,0.62963,0.24029,-0.19206,-0.72389,0
25500,0.21104,0.39477,0.47603,0.61686,0.52881,0.36576,0.14256,-0.0871,-0.45396,-0.61326,-0.78976,-0.79869,-0.64234,-0.42007,-0.19546,0.21639,0.61359,0.92641,1.0508,1.05124,0.75691,0.54727,0.08595,-0.30463,-0.86783,0
25560,0.21862,0.53831,0.51607,0.55748,0.48468,0.3127,0.08925,-0.26281,-0.52004,-0.6727,-0.81851,-0.86906,-0.65523,-0.4283,0.01015,0.30517,0.71243,0.95329,1.11549,0.98128,0.7053,0.53327,0.04861,-0.38058,-0.89747,0
25620,0.40367,0.47782,0.47344,0.53007,0.44301,0.24337,-0.02536,-0.28636,-0.48958,-0.73106,-0.81184,-0.78736,-0.6016,-0.30545,0.02042,0.43189,0.73506,0.96334,1.05997,1.03368,0.6796,0.29155,-0.21126,-0.55846,-0.97685,0
25680,0.35463,0.49188,0.52457,0.4651,0.34925,0.15151,-0.10052,-0.39708,-0.54578,-0.79604,-0.80835,-0.76092,-0.53356,-0.25565,0.22587,0.55705,0.87979,0.92485,1.02288,0.91674,0.65284,0.14984,-0.20309,-0.70285,-1.04383,0
25740,0.42524,0.51428,0.551,0.43478,0.32187,0.20717,-0.18922,-0.38458,-0.58608,-0.70386,-0.82474,-0.71602,-0.51602,-0.08169,0.23624,0.54107,0.84892,0.85261,0.95303,0.87009,0.42216,0.17722,-0.32654,-0.74746,-1.09107,0
25800,0.45651,0.58234,0.4747,0.59833,0.28058,0.01697,-0.219,-0.43882,-0.55616,-0.78385,-0.6712,-0.6663,-0.41712,-0.05939,0.26224,0.61851,0.85543,0.97501,0.95339,0.68143,0.45325,-0.05102,-0.36483,-0.81594,-1.06195,0
25860,0.55086,0.53188,0.52575,0.34615,0.22628,-0.02749,-0.31683,-0.53951,-0.72062,-0.75351,-0.68893,-0.54782,-0.32536,0.0235,0.47249,0.75684,0.9266,1.01099,0.89044,0.64765,0.24291,-0.19714,-0.57332,-0.95508,-1.25498,0
25920,0.42301,0.49538,0.49287,0.42055,0.1456,-0.08084,-0.3714,-0.64051,-0.70219,-0.75373,-0.65906,-0.47517,-0.18821,0.10462,0.47316,0.76357,0.91147,0.99092,0.88794,0.50622,0.20128,-0.22809,-0.77515,-0.94537,-1.28704,0
25980,0.48575,0.50167,0.46449,0.24776,0.06077,-0.10809,-0.44344,-0.59573,-0.70567,-0.86926,-0.59123,-0.45526,-0.11909,0.17763,0.6562,0.83167,0.88893,0.99799,0.87547,0.51182,0.10768,-0.44402,-0.73033,-1.06704,-1.15605,0
26040,0.46623,0.51251,0.40727,0.31834,-0.02226,-0.28488,-0.49324,-0.64881,-0.78624,-0.73767,-0.60637,-0.33375,0.04263,0.32843,0.69347,0.86025,0.92799,0.9042,0.63469,0.37764,-0.09115,-0.49934,-0.90636,-1.16274,-1.20512,0
26100,0.52677,0.49428,0.3788,0.21223,0.02888,-0.31452,-0.51108,-0.71067,-0.75253,-0.75377,-0.54956,-0.1807,0.06182,0.39132,0.72244,0.88749,0.89604,0.81622,0.63104,0.30477,-0.12086,-0.64009,-0.93622,-1.15381,-1.2405,0
26160,0.54218,0.40731,0.34002,0.26353,-0.16153,-0.37194,-0.59895,-0.75104,-0.73059,-0.7333,-0.37759,-0.23142,0.08317,0.43973,0.77679,0.88077,1.00697,0.85389,0.55706,0.16683,-0.24548,-0.7472,-1.05759,-1.15724,-1.1499,0
26220,0.42441,0.40445,0.38067,0.10113,-0.10963,-0.46737,-0.52001,-0.75292,-0.72207,-0.5948,-0.47198,-0.1732,0.21197,0.56949,0.9127,0.92432,0.90853,0.75037,0.46338,-0.0043,-0.41989,-0.78014,-1.05208,-1.22023,-1.03994,0
26280,0.43709,0.39413,0.21633,0.07237,-0.2138,-0.45406,-0.53761,-0.7214,-0.8003,-0.52925,-0.32506,-0.00964,0.36857,0.64277,0.94268,0.92703,0.89362,0.69282,0.33569,-0.05951,-0.50738,-0.90999,-1.09715,-1.20793,-1.07336,0
26340,0.42235,0.33756,0.24593,-0.02516,-0.20263,-0.53236,-0.71202,-0.68259,-0.71749,-0.52985,-0.22602,-0.06755,0.41663,0.75186,0.87887,1.01128,0.81547,0.64978,0.22711,-0.10527,-0.59435,-0.86746,-1.17628,-1.1044,-1.08106,0
26400,0.43166,0.32088,0.10534,0.0159,-0.32122,-0.58819,-0.66741,-0.66171,-0.54196,-0.43799,-0.16986,0.20363,0.45862,0.71838,0.82253,0.931,0.80831,0.51581,0.17777,-0.31409,-0.60259,-1.06582,-1.14071,-1.10641,-0.94914,0
26460,0.38992,0.30281,0.05512,-0.13164,-0.33862,-0.50453,-0.70324,-0.62743,-0.6386,-0.34732,-0.13696,0.29803,0.56964,0.83821,1.00548,0.85595,0.69087,0.44808,0.01298,-0.48425,-0.78629,-1.00301,-1.23818,-1.12726,-0.72835,0
26520,0.3758,0.16414,0.0602,-0.17384,-0.38558,-0.6105,-0.58867,-0.63451,-0.44973,-0.28867,0.11098,0.39116,0.63699,0.78876,0.96189,0.84932,0.55775,0.2788,-0.11839,-0.49616,-0.82771,-1.03951,-1.08547,-0.97702,-0.77454,0
26580,0.41689,0.14462,-0.13515,-0.18486,-0.4829,-0.65673,-0.61067,-0.62983,-0.44638,-0.20263,0.06586,0.46816,0.64917,0.87883,0.80751,0.82577,0.68929,0.27832,-0.20032,-0.68244,-0.86897,-1.15781,-1.19119,-1.00218,-0.68704,0
26640,0.31075,0.08602,-0.14966,-0.28783,-0.58176,-0.58272,-0.60012,-0.53232,-0.45553,-0.13883,0.05722,0.43368,0.80321,0.88061,0.85448,0.73534,0.5121,0.0908,-0.27052,-0.64176,-0.98143,-1.21857,-1.17234,-0.85085,-0.47874,0
26700,0.28086,-0.01861,-0.14416,-0.3847,-0.49751,-0.65025,-0.79954,-0.60664,-0.23359,-0.07556,0.23391,0.61152,0.77037,0.93354,0.8778,0.69407,0.44125,0.04182,-0.37615,-0.74346,-1.11981,-1.13799,-1.10829,-0.83492,-0.43557,0
26760,0.17702,-0.02719,-0.29273,-0.51789,-0.55109,-0.62125,-0.62457,-0.5047,-0.23331,-0.01855,0.31537,0.63372,0.7328,0.98738,0.78741,0.57954,0.31574,-0.1342,-0.53158,-0.79274,-1.05694,-1.06331,-0.92277,-0.78786,-0.33753,0
26820,0.13548,-0.07293,-0.21201,-0.55952,-0.53295,-0.69494,-0.62043,-0.44795,-0.16158,0.14516,0.46396,0.70892,0.85136,0.8718,-2.86323,0.56753,0.28383,-0.16066,-0.52352,-0.93374,-1.07557,-1.07127,-0.89968,-0.61279,-0.09361,1
26880,0.06246,-0.13872,-0.27355,-0.49656,-0.69196,-0.67413,-0.51639,-0.39908,-0.09126,0.12263,0.54611,0.74543,0.87072,0.92445,0.67481,0.50995,0.14884,-0.26343,-0.63607,-1.02295,-1.14873,-1.07988,-0.82957,-0.41135,-0.05009,0
26940,0.05146,-0.12988,-0.36455,-0.52293,-0.60158,-0.66382,-0.47995,-0.34299,0.05542,0.23487,0.45863,0.79785,0.79672,1.01708,0.71411,0.39568,-0.05528,-0.36846,-0.71655,-1.01397,-1.12562,-1.05706,-0.74915,-0.35578,0.0619,0
27000,-0.01033,-0.23507,-0.48148,-0.46644,-0.58597,-0.54195,-0.51406,-0.27368,0.08055,0.35763,0.63115,0.90922,0.80618,0.78167,0.48971,0.30826,-0.02078,-0.47605,-0.80653,-1.07841,-1.08764,-1.04295,-0.75606,-0.26943,0.25648,0
27060,-0.10366,-0.16496,-0.34125,-0.5476,-0.60124,-0.5675,-0.45276,-0.11946,0.09121,0.40642,0.76297,0.82216,0.96885,0.81988,0.54623,0.20552,-0.11741,-0.59838,-0.91318,-1.06425,-1.12231,-0.94208,-0.59763,-0.09037,0.35855,0
27120,-0.11896,-0.34916,-0.4225,-0.59431,-0.65815,-0.52268,-0.44275,-0.08191,0.22904,0.55871,0.78789,0.82877,0.8428,0.7245,0.44825,0.08787,-0.32947,-0.66596,-0.90733,-1.093,-1.06883,-0.7493,-0.48016,-0.08334,0.44961,0
27180,-0.15286,-0.37366,-0.56753,-0.55444,-0.68637,-0.53438,-0.17566,0.00373,0.2576,0.54781,0.7476,0.86002,0.79973,0.62924,0.3401,-0.05797,-0.43807,-0.68748,-1.02619,-1.06341,-1.04919,-0.80376,-0.40307,0.08065,0.58877,0
27240,-0.13538,-0.35722,-0.49838,-0.57615,-0.67151,-0.48496,-0.12553,0.05181,0.43058,0.52924,0.77079,0.7868,0.68854,0.51552,0.29093,-0.08453,-0.48181,-0.89406,-1.11222,-1.0303,-0.90353,-0.66694,-0.23074,0.18975,0.66986,0
27300,-0.26877,-0.3727,-0.52227,-0.58517,-0.48791,-0.42058,-0.24229,0.19996,0.4397,0.64004,0.80476,0.78166,0.78516,0.48097,0.10502,-0.17237,-0.5282,-0.79039,-1.11981,-1.04541,-0.88599,-0.51543,-0.05901,0.33028,0.76866,0
27360,-0.2776,-0.50002,-0.60617,-0.52444,-0.56022,-0.25025,0.02062,0.1245,0.40632,0.65908,0.92157,0.82871,0.63562,0.49966,-0.02749,-0.27729,-0.69929,-0.84249,-0.95063,-0.95786,-0.78629,-0.47694,-0.01072,0.52829,0.84615,0
27420,-0.28669,-0.46134,-0.50207,-0.47869,-0.44014,-0.34854,0.02969,0.25957,0.54271,0.64506,0.77444,0.77838,0.59597,0.2888,-0.0067,-0.42227,-0.71611,-0.97446,-1.04456,-1.06947,-0.67036,-0.28086,0.08565,0.50447,0.98681,0
27480,-0.36988,-0.44464,-0.51645,-0.59911,-0.38796,-0.20227,0.08991,0.33555,0.52291,0.86674,0.85321,0.75672,0.49296,0.19567,0.00558,-0.57769,-0.72839,-0.94394,-0.98599,-0.98078,-0.66129,-0.2421,0.16221,0.68651,0.99945,0
27540,-0.33652,-0.51727,-0.59032,-0.52384,-0.29923,-0.18267,0.20229,0.2915,0.56022,0.79259,0.80576,0.64023,0.43616,0.08518,-0.23651,-0.5224,-0.93782,-0.95772,-0.97631,-0.82847,-0.43732,-0.03915,0.36503,0.84099,1.03468,0
27600,-0.47309,-0.5108,-0.61578,-0.54856,-0.32965,-0.10426,0.24714,0.50422,0.63914,0.71474,0.71575,0.6494,0.2437,0.00979,-0.33898,-0.65307,-0.94714,-1.06054,-1.05628,-0.79478,-0.38195,0.02368,0.42941,0.89523,1.05173,0
27660,-0.57423,-0.54682,-0.49264,-0.48384,-0.22269,-0.06653,0.33511,0.52478,0.81184,0.78765,0.81552,0.61976,0.30559,-0.13767,-0.39325,-0.75635,-0.91651,-1.04691,-0.87642,-0.6731,-0.31119,0.14849,0.43539,0.99172,1.17662,0
27720,-0.387,-0.51984,-0.55761,-0.39536,-0.12872,0.02127,0.40981,0.61799,0.63432,0.72723,0.74426,0.48062,0.09825,-0.14041,-0.40614,-0.72116,-0.91343,-1.01706,-0.89007,-0.60782,-0.18352,0.23063,0.7115,1.00903,1.16344,0
27780,-0.42258,-0.57146,-0.42244,-0.33461,-0.06066,0.18426,0.4602,0.56284,0.6535,0.71507,0.58844,0.40174,0.09337,-0.27574,-0.52031,-0.80068,-0.93936,-0.99823,-0.79713,-0.39926,-0.11892,0.3629,0.79982,1.06846,1.3076,0
27840,-0.52227,-0.52476,-0.3675,-0.10188,0.04877,0.19374,0.45577,0.5696,0.71717,0.71364,0.64109,0.40768,-0.10917,-0.33146,-0.61315,-0.90029,-1.00787,-0.88819,-0.71259,-0.3074,0.05437,0.50979,0.82075,1.06452,1.19647,0
27900,-0.46195,-0.54202,-0.46317,-0.28891,0.10026,0.25966,0.4634,0.53253,0.75162,0.65358,0.44934,0.33321,-0.03473,-0.43394,-0.792,-0.81366,-0.90752,-0.80394,-0.59517,-0.2721,0.13455,0.58054,1.02781,1.14964,1.14456,0
27960,-0.49992,-0.43995,-0.40974,-0.16999,0.00467,0.29184,0.49649,0.74588,0.72494,0.63634,0.44933,0.12809,-0.2042,-0.61079,-0.72203,-0.90452,-0.89965,-0.83716,-0.54918,-0.21698,0.35515,0.72982,1.06727,1.25445,1.20433,0
28020,-0.41279,-0.46078,-0.31127,-0.15137,0.11263,0.27279,0.62065,0.7008,0.65424,0.623,0.36519,0.04543,-0.3442,-0.61476,-0.79234,-0.95666,-1.00159,-0.77377,-0.44954,-0.04229,0.3219,0.72461,1.04549,1.20948,1.19913,0
28080,-0.48531,-0.41048,-0.32751,-0.03289,0.27655,0.44164,0.58743,0.74005,0.75497,0.5262,0.31103,0.10094,-0.27212,-0.74859,-0.91277,-0.98844,-0.85715,-0.68992,-0.37242,0.05193,0.50722,0.8084,1.16637,1.22791,1.03627,0
28140,-0.48596,-0.3412,-0.12252,0.02198,0.224,0.55807,0.63486,0.70636,0.54594,0.40453,0.27648,-0.07067,-0.35414,-0.58853,-0.8928,-0.94215,-0.85159,-0.59135,-0.18899,0.13951,0.66805,0.83234,1.16175,1.23215,1.02554,0
28200,-0.40109,-0.24294,-0.2165,0.03689,0.28725,0.59054,0.61456,0.72101,0.59672,0.4825,0.22453,-0.1602,-0.49085,-0.87667,-0.93777,-0.83818,-0.81884,-0.5266,-0.09679,0.26662,0.70838,0.8844,1.14162,1.06926,0.93504,0
28260,-0.30124,-0.33039,-0.02274,0.12294,0.33718,0.60129,0.72297,0.72347,0.54712,0.39889,0.07329,-0.16585,-0.54521,-0.75238,-0.98875,-0.80736,-0.64002,-0.46045,0.03943,0.3491,0.78127,1.02302,1.08677,1.08524,0.82062,0
28320,-0.31628,-0.27373,-0.03111,0.177,0.41852,0.5732,0.72924,0.69482,0.63388,0.23733,0.00735,-0.32939,-0.62373,-0.78512,-0.87974,-0.88847,-0.67406,-0.2329,0.07798,0.50332,0.77034,1.06789,1.1507,1.08003,0.73639,0
28380,-0.28389,-0.20995,-0.01442,0.20213,0.45748,0.6169,0.66631,0.65491,0.47821,0.20516,-0.05363,-0.50678,-4.49203,-0.92409,-0.88807,-0.76429,-0.60089,-0.32103,0.28966,0.66085,0.97741,1.06089,1.16405,0.98828,0.66499,1
28440,-0.22501,-0.08912,0.12332,0.37977,0.47053,0.67576,0.64357,0.60763,0.44385,0.14534,-0.07177,-0.51281,-0.7205,1.61824,-0.92978,-0.75671,-0.36686,-0.14571,0.22461,0.71501,0.94968,1.19389,1.07527,0.9404,0.50759,1
28500,-0.17512,-0.11898,0.08531,0.37434,0.51063,0.61129,0.63032,0.48898,0.31349,0.01983,-0.27893,-0.5753,-0.73224,-0.9228,-0.84161,-0.64528,-0.35165,-0.02023,0.3499,0.65771,0.97278,1.16671,1.04398,0.87317,0.43605,0
28560,-0.18748,0.08137,0.12675,0.36015,0.55372,0.76478,0.74146,0.46577,0.26567,-0.01777,-0.24665,-0.58386,-0.73554,-0.87499,-0.85566,-0.6537,-0.32713,0.14082,0.54939,0.94939,1.08901,1.12429,0.97035,0.72491,0.33672,0
28620,-0.11118,0.03094,0.36895,0.42232,0.57531,0.67276,0.56103,0.39373,0.21096,-0.07661,-0.38485,-0.65993,-0.81293,-0.80783,-0.86671,-0.49639,-0.1581,0.21914,0.52674,0.89052,1.16461,1.20089,1.00724,0.63724,0.11678,0
28680,-0.07081,0.15642,0.41361,0.47434,0.6302,0.66336,0.57567,0.32452,0.155,-0.15639,-0.56229,-0.69349,-0.82928,-0.90037,-0.76289,-0.38462,-0.05824,0.40523,0.61331,0.93213,1.06563,1.02584,0.82289,0.49971,-0.03404,0
28740,-0.13595,0.27713,0.25098,0.55586,0.65368,0.66695,0.49139,0.32797,0.0141,-0.29018,-0.36353,-0.79709,-0.82456,-0.85792,-0.56248,-0.34747,0.04615,0.44817,0.73949,0.94135,1.10637,1.07194,0.79817,0.34568,-0.03711,0
28800,-0.01867,0.20077,0.34785,0.51358,0.65039,0.56786,0.50412,0.23217,-0.07667,-0.33403,-0.57359,-0.75514,-0.76111,-0.82374,-0.63924,-0.21437,0.07728,0.50355,0.7744,1.01426,1.06105,0.98083,0.69711,0.24088,-0.24721,0
28860,0.06302,0.18722,0.47352,0.58024,0.58678,0.55021,0.35928,0.20673,-0.09725,-0.36206,-0.67381,-0.85852,-0.86405,-0.77302,-0.50463,-0.23299,0.2436,0.63019,0.89363,1.02557,1.01789,0.92881,0.5943,0.12302,-0.29749,0
28920,0.0857,0.24133,0.42118,0.63574,0.54964,0.52676,0.32442,0.19296,-0.19043,-0.38434,-0.66909,-0.86732,-0.72302,-0.67408,-0.39239,-0.04792,0.40734,0.59935,1.02201,0.98769,0.98425,0.74557,0.48022,0.01254,-0.43538,0
28980,0.17782,0.33038,0.44953,0.62037,0.5622,0.45867,0.22859,0.0013,-0.19327,-0.54545,-0.62503,-0.90776,-0.80602,-0.64307,-0.41081,0.0579,0.44165,0.78283,0.95833,1.08908,1.0613,0.74665,0.40242,-0.21145,-0.60077,0
29040,0.18726,0.50604,0.50322,0.49423,0.51638,0.53392,0.20768,-0.03038,-0.32864,-0.60762,-0.71823,-0.73244,-0.62509,-0.52977,-0.31223,0.17121,0.48972,0.78379,0.89307,1.11438,0.96298,0.64627,0.22862,-0.18925,-0.71579,0
29100,0.2694,0.39656,0.53153,0.64265,0.57774,0.34738,0.16063,-0.13763,-0.40377,-0.59766,-0.83633,-0.79476,-0.62372,-0.45151,-0.1428,0.17096,0.641,0.90182,1.12547,1.13258,0.80457,3.87934,0.16576,-0.34443,-0.74449,1
29160,0.26629,0.40771,0.63174,0.62361,0.4211,0.28097,0.10206,-0.12619,-0.49714,-0.73635,-0.8159,-0.80049,-0.53887,-0.37265,-0.06073,0.2994,0.62664,0.89536,1.0383,1.02965,0.70231,0.45174,0.00814,-0.48753,-0.85752,0
29220,0.35258,0.38184,0.56781,0.55221,0.48385,0.16361,-0.01574,-0.29049,-0.59751,-0.78736,-0.89841,-0.73284,-0.58098,-0.32834,0.10206,0.46721,0.76198,1.03708,1.05589,0.96025,0.70585,0.32369,-0.11593,-0.61431,-0.94255,0
29280,0.37786,0.44499,0.54833,0.57515,0.54177,0.16917,-0.08503,-0.35579,-0.50495,-0.72939,-0.80706,-0.71583,-0.51216,-0.20133,0.17129,0.53889,0.84885,1.06293,1.00926,0.887,0.59028,0.22707,-0.20456,-0.65488,-1.03656,0
29340,0.34777,0.47907,0.51081,0.49447,0.26612,0.17012,-0.1413,-0.46265,-0.69693,-0.86741,-0.77979,-0.58685,-0.42614,-0.1177,0.19055,0.64935,0.78726,0.94064,1.07154,0.86719,0.50856,0.0853,-0.36314,-0.80408,-1.19163,0
29400,0.37444,0.49436,0.4704,0.49582,0.30988,0.09052,-0.25086,-0.46324,-0.71851,-0.85326,-0.75542,-0.68853,-0.19066,-0.00765,0.38943,0.70221,0.9124,0.95568,0.97279,0.83648,0.36075,0.02963,-0.48524,-0.82783,-1.17921,0
29460,0.45695,0.47775,0.5469,0.42317,0.17392,0.13154,-0.30531,-0.55168,-0.60426,-0.76165,-0.74017,-0.58047,-0.3063,0.04355,0.45685,0.7533,0.96231,1.04184,0.96315,0.67363,0.25532,-0.02565,-0.61779,-0.96285,-1.26388,0
29520,0.48231,0.55596,0.48561,0.39048,0.1709,-0.05655,-0.33941,-0.58802,-0.66495,-0.77096,-0.64891,-0.40212,-0.22461,0.14661,0.50319,0.77502,0.98843,0.93753,0.80131,0.55274,0.19508,-0.2317,-0.65559,-1.03565,-1.29782,0
29580,0.39851,0.61738,0.51536,0.34448,0.08142,-0.12462,-0.41177,-0.57255,-0.70157,-0.77746,-0.52166,-0.48143,-0.08993,0.18246,0.53752,0.81613,0.98473,0.98716,0.75961,0.54198,0.10518,-0.3797,-0.80994,-1.09982,-1.19474,0
29640,0.44481,0.56642,0.43728,0.33881,0.09384,-0.22192,-0.4651,-0.70827,-0.73534,-0.62477,-0.66311,-0.34173,0.03964,0.34769,0.56171,0.87486,1.00734,0.9355,0.70125,0.37715,0.02537,-0.52616,-0.78223,-1.15392,-1.21389,0
29700,0.43813,0.61956,0.34112,0.17587,0.01425,-0.33486,-0.43633,-0.68669,-0.6796,-0.63471,-0.52591,-0.28788,0.08756,0.37815,0.72679,0.86143,0.97642,0.87136,0.63076,0.29667,-0.08835,-0.57531,-0.9393,-1.18025,-1.30835,0
29760,0.52123,0.41916,0.30077,0.08509,-0.12965,-0.29964,-0.52165,-0.70288,-0.65295,2.45158,-0.44815,-0.08471,0.25473,0.56848,0.84095,0.88954,0.94049,0.78929,0.61616,0.09218,-0.29474,-0.71494,-1.04653,-1.22546,-1.08822,1
29820,0.3949,0.39133,0.37274,0.12211,-0.13428,-0.37408,-0.55987,-0.69195,-0.83105,-0.6215,-0.37773,-0.00185,0.29647,0.56348,0.74756,0.99091,0.86562,0.75812,0.37646,0.03658,-0.40586,-0.75711,-1.02083,-1.27217,-1.15431,0
29880,0.4834,0.39799,0.28382,-0.00582,-0.25913,-0.34888,-0.58767,-0.70748,-0.67469,-0.54437,-0.27453,0.05953,0.41906,0.59538,0.8579,0.95233,0.81596,0.76544,0.35693,-0.13868,-0.48489,-0.8771,-1.16422,-1.12062,-1.06015,0
29940,0.45157,0.35904,0.17336,-0.09136,-0.34091,-0.40867,-0.62714,-0.6782,-0.76551,-0.51728,-0.23292,0.0476,0.3611,0.68004,0.90605,0.96958,0.80752,0.57095,0.22419,-0.14127,-0.55884,-0.90095,-1.06861,-1.15541,-1.04572,0
30000,0.38426,0.32537,0.15041,-0.06207,-0.40314,-0.50626,-0.68765,-0.77326,-0.65357,-0.39035,-0.21508,0.24385,0.43322,0.74352,0.92113,0.87727,0.73976,0.53943,0.10989,-0.32797,-0.68576,-0.98441,-1.12318,-1.16687,-0.88319,0
